:020000040800F2
:10000000D01E0020E9030008490100084B01000848
:10001000550100085F0100086901000800000000A8
:100020000000000000000000000000007301000854
:100030007501000800000000FF03000877010008B8
:100040000304000803040008030400087B010008FF
:1000500003040008030400087901000803040008F1
:100060000304000803040008030400080304000854
:100070000304000803040008030400080304000844
:100080000304000803040008030400080304000834
:100090000304000803040008030400080304000824
:1000A0000304000803040008030400080304000814
:1000B0000304000803040008030400080304000804
:1000C00003040008030400080304000803040008F4
:1000D000030400080B1000089B53000803040008E9
:1000E00003040008030400080304000803040008D4
:1000F00003040008030400080304000803040008C4
:1001000003040008030400080304000803040008B3
:1001100003040008030400080304000803040008A3
:100120000304000803040008030400080304000893
:10013000DFF810D005F080FD00480047F91A0008EC
:10014000AFF30080D01E002070470CA11A4800F0C9
:100150003CFFFEE719A1184800F037FFFEE726A193
:10016000154800F032FFFEE732A1134800F02DFFE2
:10017000FEE7704770477047704770470D0A2A2A9C
:100180002A2A2A2A2A2A2A2A2A2A2A2A2A2A2A2ACF
:100190002A486172644661756C745F48616E646C74
:1001A00065722A2A2A2A2A2A2A2A2A2A2A2A2A2A2C
:1001B0002A2A2A2A2A0D0A00003801400D0A2A2A72
:1001C0002A2A2A2A2A2A2A2A2A2A2A2A2A2A2A2A8F
:1001D0002A4D656D4D616E6167655F48616E646C47
:1001E00065722A2A2A2A2A2A2A2A2A2A2A2A2A2AEC
:1001F0002A2A2A2A2A0D0A000D0A2A2A2A2A2A2A03
:100200002A2A2A2A2A2A2A2A2A2A2A2A2A427573A2
:100210004661756C745F48616E646C65722A2A2A47
:100220002A2A2A2A2A2A2A2A2A2A2A2A2A2A2A2A2E
:100230000D0A00000D0A2A2A2A2A2A2A2A2A2A2AEC
:100240002A2A2A2A2A2A2A2A2A5573616765466198
:10025000756C745F48616E646C65722A2A2A2A2A5A
:100260002A2A2A2A2A2A2A2A2A2A2A2A2A2A0D0A2B
:10027000000000000CB50022019200925248016873
:1002800041F4803101604FF4A063016801F4003152
:1002900000910199491C0191009911B90199994264
:1002A000F3D10168890302D50121009100E0009299
:1002B0000099012930D145490A6842F010020A60CC
:1002C0000A6822F003020A600A6842F002020A6029
:1002D0004168416041684160416841F4806141602A
:1002E000416821F47C114160416841F4881141600A
:1002F000016841F08071016001688901FCD54168A5
:1003000021F003014160416841F002014160416810
:10031000C1F381010229FAD10CBDABE710B52A481F
:10032000016841F0010101604168294A11404160C2
:100330000168284A11400160016821F480210160B0
:10034000416821F4FE0141604FF41F018160FFF715
:10035000E4FF21494FF00060086010BD10B51A4A53
:10036000506800F00C011D4B1D4800290ED00429D7
:100370000ED008290ED003605168194AC1F3031149
:10038000121D515C0268CA40026010BD0360F3E7B1
:100390000360F1E7516801F47011536803F480338E
:1003A000022404EB914133B153689B0307D50D4BF5
:1003B00059430160E0E70B4B59430160DCE7074B11
:1003C00059430160D8E700000010024000200240BD
:1003D0000000FFF8FFFFF6FE08ED00E000127A00D3
:1003E0000000002000093D000648804706480047FD
:1003F000FEE7FEE7FEE7FEE7FEE7FEE7FEE7FEE7D5
:10040000FEE7FEE71D030008310100082A49084302
:100410002A490860704770B50F23C2780126017819
:10042000002A1ED0254A126802F4E062C2F5E0629A
:10043000120AC2F10404D3404578A54082781A40DC
:100440002A43120101F1E02181F80024007800F034
:100450001F018E404009800000F1E020C0F80061DB
:1004600070BD01F01F0086404809800000F1E020C7
:10047000C0F8806170BD124A114001430F48001F4F
:10048000016070470D4A121D002903D01168014315
:100490001160704711688143116070474FF0E0218F
:1004A000042804D0086920F0040008617047086936
:1004B00040F00400086170470000FA050CED00E010
:1004C00080FFFF1F10B59C49884209D101210420FB
:1004D00000F07DFA0021BDE81040042000F077BA5A
:1004E0009649884209D10121082000F070FA0021C4
:1004F000BDE81040082000F06ABA9149884209D14D
:100500000121102000F063FA0021BDE81040102006
:1005100000F05DBA8B49884209D10121202000F00A
:1005200056FA0021BDE81040202000F050BA86495C
:10053000884209D10121402000F049FA0021BDE89C
:100540001040402000F043BA8049884209D101217F
:10055000802000F03CFA0021BDE81040802000F02F
:1005600036BA7B4988420AD184150121204600F021
:100570002EFA2046BDE81040002100F028BA10BD38
:1005800010B50121084600F022FA0021BDE8104014
:10059000012000F01CBA2DE9F0410022CC7804F0D3
:1005A0000F03E40601D58C7823430C784FF00F0736
:1005B00014F0FF0F4FF0010C1CD005680CFA02F488
:1005C0000E882640A64211D1960007FA06F825EAC1
:1005D000080503FA06F848EA0505CE78282E02D069
:1005E000482E02D002E0446100E00461521C082A57
:1005F000E4D305600A88FF2A1ED94568002202F16B
:1006000008060CFA06F40E882640A64210D1960081
:1006100007FA06F825EA080503FA06F848EA050588
:10062000CE78282E00D14461CE78482E00D10461C6
:10063000521C082AE3D34560BDE8F0814FF6FF71F4
:100640000180022181700421C170704702460020A0
:1006500092680A4200D001207047806880B27047DB
:1006600002460020D2680A4200D001207047C068CC
:1006700080B270470161704741617047002A01D024
:100680000161704741617047C160704741F4803239
:1006900082618161826181698069704710B52D4BEB
:1006A0001A684FF68074224042EA0010084318602E
:1006B00010BD2949C8617047F0B5264C002801DA01
:1006C000E36900E06368C0F30346420D120185B29E
:1006D000C0F301579540032F07D0C2020CD5032267
:1006E000B240934343F0706209E023F070626368A4
:1006F00023F07063636002E0AB4343F0706201B1CA
:100700002A43002801DAE261F0BD6260F0BD10B555
:100710008A07120F0F23934021F003040D4921444F
:100720008C689C438C608B68904003438B6010BD49
:100730000949DC310860704700080140000C0140A5
:10074000001001400014014000180140001C01404D
:10075000002001400000014000002042B448016830
:1007600041F0010101604168B24A114041600168F5
:10077000B14A11400160016821F4802101604168A3
:1007800021F4FE0141604FF41F0181607047A849C8
:100790000A6822F480320A600A6822F480220A6021
:1007A000B0F5803F07D0B0F5802F03D1086840F442
:1007B000A02008607047086840F4803008607047E7
:1007C0000346002059099A4A01290AD002290AD071
:1007D000516A03F01F02012393400B4200D0012015
:1007E00070471168F5E7116AF3E718B5002000902B
:1007F0004FF4A0643120FFF7E3FF0099491C0091FA
:100800000099A14201D00028F4D03120FFF7D8FF91
:1008100008B1012018BD002018BD854A116821F0DB
:10082000F80141EAC00010607047844908607047D1
:100830007F4B5A6822F47C1208431043586070477B
:100840007E49086670477A4A516821F003010143E6
:10085000516070477648406800F00C007047744A59
:10086000516821F0F001014351607047704A5168AE
:1008700021F4E0610143516070476D4A516821F4F1
:10088000605141EAC00050607047694A002903D0B6
:10089000517A014351727047517A814351727047C6
:1008A0006649D83108607047614A516821F4404177
:1008B0000143516070475E49002220310A7001F8FF
:1008C0002029012805D0042802D1052081F8200024
:1008D0007047012081F8200070475949086070472F
:1008E00053490A6A02430A6270475549443908600D
:1008F000704710B54E4A516801F00C01514B002968
:1009000027D0042927D0082927D00360516801F097
:10091000F00109094C4B5C5C0168E140416054689E
:1009200004F4E064240A1C5D21FA04F48460546831
:1009300004F46054E40A1B5DD940C160526802F4BB
:100940004042920B404B1B1F9A5CB1FBF2F10161DC
:1009500010BD0360DAE70360D8E7516801F4701155
:10096000536803F48033022404EB914133B153689C
:100970009B0307D5354B59430160C7E7334B5943B8
:100980000160C3E72F4B59430160BFE7284A0029A4
:1009900003D05169014351617047516981435161ED
:1009A0007047234A002903D0916901439161704740
:1009B00091698143916170471D4A002903D0D16933
:1009C0000143D1617047D1698143D1617047184AB1
:1009D000002903D0D1680143D1607047D1688143B9
:1009E000D1607047124A002903D011690143116197
:1009F000704711698143116170471149403908609E
:100A000070470E49C86470470949C8717047084863
:100A1000416A41F080714162704701460020044AFA
:100A200092680A4200D001207047014988727047DD
:100A3000001002400000FFF8FFFFF6FE00004242F7
:100A40008004424200127A001800002000093D0094
:100A500010B5E14988420AD101218C032046FFF7F5
:100A6000B6FF2046BDE810400021FFF7B0BFDB49CC
:100A700088420AD101214C042046FFF7B3FF2046EB
:100A8000BDE810400021FFF7ADBFD54988420AD12B
:100A900001218C042046FFF7A5FF2046BDE8104049
:100AA0000021FFF79FBFCF4988420AD10121CC0422
:100AB0002046FFF797FF2046BDE810400021FFF7D2
:100AC00091BFC94988420AD101210C052046FFF790
:100AD00089FF2046BDE810400021FFF783BF10BD0D
:100AE00030B585B004460D46208A4CF6FF710840AB
:100AF000E98801432182A0894EF6F3110840A988B4
:100B00002A8911436A8902431143A181A08A4FF6C1
:100B1000FF410840A9890143A1826846FFF7E9FE29
:100B2000AD48844201D1039800E00298A1890904EC
:100B300008D500EBC00101EB001029684900B0FBAB
:100B4000F1F007E000EBC00101EB0010296889001B
:100B5000B0FBF1F06422B0FBF2F109010B096FF078
:100B600018056B4300EB8300A3891D044FF032038B
:100B700007D503EBC000B0FBF2F000F0070008431C
:100B800006E003EB0010B0FBF2F000F00F000843AA
:100B9000208105B030BD4FF41651016000218180E5
:100BA000C18001810C2242818181704710B5038A86
:100BB0004FF2FF0213400A884C8822438C88C98870
:100BC0000C4322431A43028210BD00210180418060
:100BD0008180C1807047002904D0818941F400518F
:100BE00081817047818921F400518181704710B55E
:100BF00040F66A13C1F3421301F01F040121A14022
:100C0000012B07D0022B07D014303AB102680A43F7
:100C1000026010BD0C30F8E71030F6E702688A4336
:100C2000026010BD002A03D0828A0A438282704784
:100C3000828A8A4382827047028A22F00F020282ED
:100C4000028A0A4302827047828922F4006282810A
:100C500082890A4382817047002904D0818941F04A
:100C6000020181817047818921F0020181817047F1
:100C7000028A22F020020282028A0A43028270471C
:100C8000002904D0018A41F4804101827047018A21
:100C900021F4804101827047C1F3080181807047CF
:100CA0008088C0F308007047818941F0010181818B
:100CB0007047028BD2B20283028B42EA0121018388
:100CC0007047028B02F47F420283028B0A43028345
:100CD0007047002904D0818A41F020018182704749
:100CE000818A21F0200181827047002904D0818A05
:100CF00041F0100181827047818A21F010018182C8
:100D00007047002904D0818A41F008018182704730
:100D1000818A21F0080181827047002904D08189ED
:100D200041F40041818170478189C1F30E018181C5
:100D30007047002904D0818A41F4006181827047A4
:100D4000818A21F4006181827047828A22F0040244
:100D50008282828A0A4382827047002904D0818A73
:100D600041F0020181827047818A21F00201818273
:100D700070470246002012880A4200D001207047C6
:100D80008A05C9430180704770B5002440F66A1295
:100D9000C1F3421301F01F05012606FA05F2012BEB
:100DA0000CD0022B0DD0838A1340090A8E40008894
:100DB00030400BB100B10124204670BD838913403F
:100DC000F3E7038A1340F0E740F66A120A0A0121AA
:100DD0009140C94301807047003801400044004001
:100DE00000480040004C0040005000404FF0E02020
:100DF000016921F00401016116480921017042F2E4
:100E00002831418070471349097848434FF0E02169
:100E1000486100238B61012008610869C20701D085
:100E2000C003FAD50B618B617047002810D00949C7
:100E3000498848434FF0E021486100238B6101203D
:100E400008610869C20701D0C003FAD50B618B6144
:100E5000704700002800002070B586B004460121CC
:100E60000420FFF79EFD01218803FFF79AFD18215A
:100E70008DF817104FF40071ADF8141003258DF89C
:100E800016506A4E05A93046FFF785FB04218DF800
:100E900017100902ADF814108DF8165005A9304648
:100EA000FFF779FB01940024ADF810400C20ADF859
:100EB0000E00ADF80C40ADF80A40ADF808405C4DAE
:100EC00001A92846FFF70CFE01212846FFF783FE03
:100ED000012240F225512846FFF789FE25208DF892
:100EE000000001208DF803008DF8014002208DF8EC
:100EF00002006846FFF78FFA06B070BDF0B587B004
:100F0000054601210420FFF74CFD01214804FFF7AD
:100F100053FD18218DF81B100426ADF8186003242A
:100F20008DF81A40414F06A93846FFF734FB8DF87B
:100F30001B600821ADF818108DF81A4006A9384634
:100F4000FFF729FB02950024ADF814400C20ADF802
:100F50001200ADF81040ADF80E40ADF80C40354D24
:100F600002A92846FFF7BCFD01212846FFF733FE02
:100F7000012240F225512846FFF739FE26208DF840
:100F8000040001208DF807008DF805408DF806401B
:100F900001A8FFF740FA07B0F0BD2DE9F041074680
:100FA0000D46164600240CE015F8011B3846FFF7E5
:100FB00073FE40213846FFF7DCFE0028F9D0641CA0
:100FC000A4B2B442F0D3BDE8F0810FB430B5CBB0D9
:100FD000054601AC50AB4FF4947101A84F9A04F050
:100FE0001DFF0020009009E0641C2846FFF754FE16
:100FF00040212846FFF7BDFE0028F9D021780029BE
:10100000F2D14BB030BC5DF814FB10B5084C40F287
:1010100025512046FFF7B8FE002805D02046BDE840
:1010200010402021FFF7ACBE10BD000000080140B9
:10103000003801400044004008B54FF4807100289A
:1010400008D0ADF8001003208DF8020010208DF8B4
:10105000030004E0ADF8001004208DF80300694699
:101060006548FFF798FA08BD70B50120FFF7E4FF67
:10107000614D4FF4807421462846FFF7FDFA142095
:10108000FFF7D3FE21462846FFF7F4FABDE870408B
:101090000D20FFF7B8BE70B500240020FFF7CCFF8D
:1010A0004FF48076544D04E0641CE4B20120FFF755
:1010B000AAFE31462846FFF7C9FA08B1642CF3D3DB
:1010C000642C01D3012070BD002404E0641CE4B250
:1010D0000120FFF798FE31462846FFF7B7FA08B916
:1010E000642CF3D3642C01D3012070BD002070BDAB
:1010F00070B500244FF480763F4D04E0641CE4B2E8
:101100000120FFF780FE31462846FFF79FFA08B11D
:10111000642CF3D3002404E0641CE4B20120FFF744
:1011200072FE31462846FFF791FA08B9642CF3D3D2
:101130002820FFF768FE31462846FFF787FA08B1F6
:10114000012070BD002070BD70B500200024400655
:10115000050EFFF7CDFF2843641CE4B2082CF6D33C
:1011600070BD2DE9FC4706460F4690469946FFF7AD
:101170007BFFFFF790FF10B10120BDE8FC87002442
:101180006D46FFF7E1FF2855641CE4B2052CF8D347
:101190009DF800009DF801109DF802209DF8033095
:1011A0004418D5182C449DF80450AC4205D1387031
:1011B00089F80010327088F800300020DDE738B57B
:1011C00001210420FFF7EDFB4FF48074ADF80040DF
:1011D00010208DF8030003208DF80200064D6946AB
:1011E0002846FFF7D8F921462846FFF743FAFFF7CC
:1011F0003BFFFFF750FF38BD000801400320401EB1
:10120000C0B2FCD2704770B5F94D4FF4007421465E
:101210002846FFF731FA61102846FFF72BFAFFF74F
:10122000EDFF21462846BDE87040FFF723BA70B5B0
:10123000EF4C4FF400712046FFF71CFAFFF7DEFF7A
:10124000A51529462046FFF715FAFFF7D7FF2946CF
:101250002046FFF711FABDE87040CFE72DE9F041D5
:1012600005460024E24E4FF40078B715280604D551
:1012700041463046FFF7FEF903E041463046FFF7AE
:10128000FBF9FFF7BBFF39463046FFF7F3F9FFF7ED
:10129000B5FF39463046FFF7EFF96806050E641CC6
:1012A000E4B2082CE2D3BDE8F08170B5D04D4FF424
:1012B000007421462846FFF7DDF9661031462846BE
:1012C000FFF7D8F9FFF79AFF21462846FFF7D4F930
:1012D000FFF794FF31462846FFF7CEF9BDE870408E
:1012E0008CE770B505460C46FFF7DFFF7820FFF767
:1012F000B5FFFFF79CFF1CB14020FFF7AFFF02E0F6
:101300000020FFF7ABFFFFF792FF2846FFF7A6FF8D
:10131000FFF78DFFBDE8704075E710B50446002C5F
:1013200003D10021A620FFF7DCFF012C04D100210E
:10133000BDE81040A720D4E710BD10B50446002C2E
:1013400007D10021C820FFF7CCFF0021A120FFF723
:10135000C8FF012C08D10021C020FFF7C2FF0021E7
:10136000BDE81040A020BCE710BD10B500218D20C5
:10137000FFF7B7FF00211420FFF7B3FF0021BDE8FE
:101380001040AF20ADE710B500218D20FFF7A9FF79
:1013900000211020FFF7A5FF0021BDE81040AE207E
:1013A0009FE770B50025934E05F1B000C0B2002153
:1013B000FFF797FF00210846FFF793FF0021102059
:1013C000FFF78FFFFFF771FF7820FFF747FFFFF769
:1013D0002EFF4020FFF742FFFFF729FF002406EB16
:1013E000C400405DFFF73AFFFFF721FF641CE4B241
:1013F000802CF4D3FFF707FF6D1CEDB2082DD3D37B
:1014000070BD30B400217B4B0022002003EBC004F0
:101410006254401CC0B28028F8D3491CC9B20829C4
:10142000F3D330BCBDE730B5CB0801F0070401258C
:10143000A540ECB26F4D05EBC005C808002A285C3A
:1014400002D02043E85430BDC0432043C043E85499
:1014500030BD2DE9FE4F00250026171AA3EB010829
:1014600081468A46681E002F03DD4FF0010101917D
:1014700007E003D14FF00001019102E00190C7F1B4
:101480000007B8F1000F03DD4FF00100009007E006
:1014900003D14FF00000009002E00090C7F1000877
:1014A000474501DD3C4600E044464FF0000B601C20
:1014B000029016E00AF0FF0109F0FF000C9AFFF716
:1014C000B2FF3D444644A54202DD2D1B01988144F4
:1014D000A64202DD361B009882440BF1010B1FFA75
:1014E0008BFB02988345E5DBBDE8FE8F2DE9F84FC5
:1014F00006460F4690460025444608FB08F000903B
:1015000052E0A7EB040906EB050A09F0FF010AF017
:10151000FF000122FFF787FFA6EB050B09F0FF0193
:101520000BF0FF000122FFF77EFF07EB040909F033
:10153000FF010BF0FF000122FFF775FF09F0FF012B
:101540000AF0FF000122FFF76EFF07EB050A06EB2A
:1015500004090AF0FF0109F0FF000122FFF763FF11
:10156000A7EB050B0BF0FF0109F0FF000122FFF7CD
:101570005AFFA6EB04090BF0FF0109F0FF0001225E
:10158000FFF751FF0AF0FF0109F0FF000122FFF70A
:101590004AFF6D1C05FB05F004FB040008FB180066
:1015A000002801DD641E6D1E6000009960438842C2
:1015B000A7DABDE8F88F2DE9FC4F814688461D4625
:1015C000CDF80090C346082D03D0680704D0012051
:1015D00003E00620019006E0002000EBD50069083A
:1015E0004843C0B20190203A02F0FF0A002652E0C0
:1015F000000C014050000020082D14D00C2D19D0F3
:10160000102D1ED0182D49D1FF490AEBCA0001EB5D
:101610008000845D0027E00718D0414648460B9AB9
:10162000FFF701FF19E0F9490AEB4A0001EB40001E
:10163000845DEFE7F6490AEB4A0001EB8000845D28
:10164000E8E7F44800EB0A10845DE3E70B9838B351
:10165000002241464846FFF7E6FE640808F101080B
:1016600008F0FF087F1CFFB2082FD4D309F101094D
:1016700009F0FF09082D0BD00098A9EB0000B0EB92
:10168000550F05D1DDF800900BF1080B0BF0FF0BA7
:10169000D846761CF6B201988642ADD3BDE8FC8FE1
:1016A0000122D6E72DE9F8430446884615461E4632
:1016B000089F0BE03346414620460097FFF77BFF2B
:1016C000082E0BD004EB5600C4B26D1C2A78A2F190
:1016D00020005E28EED9BDE8F84362E6A41DE4B21E
:1016E000F3E70346012000E05843491EC9B2FBD28C
:1016F00070472DE9F84F0746DDE90A698B469246A7
:1017000098460025082E00D1022500241DE0A8EBF4
:101710000400401EC1B20A20FFF7E3FFBAFBF0F05D
:101720000A21B0FBF1F201FB120098B13030C2B2D5
:1017300005EB560000FB0470C0B233465946CDF8A5
:101740000090FFF738FF641CE4B24445DFD3BDE8E6
:10175000F84F26E605EB560000FB0470C0B2334696
:1017600030225946CDF80090FFF725FFEBE72DE931
:10177000FC4F8146884692461E46CDF80490C346EB
:10178000700701D0012000E0002000EBD60070437C
:101790000090002549E0102E12D0182E15D0202ED2
:1017A0001BD0402E44D19C4800EB4A20445D0027CA
:1017B000E00718D0414648460B9AFFF734FE19E07F
:1017C000964800EB4A10445DF1E793490AEBCA00E2
:1017D000C83901EBC000445DE9E78F48803800EB71
:1017E000CA10445DE3E70B9818B30022414648460F
:1017F000FFF719FE640808F1010808F0FF087F1CD4
:10180000FFB2082FD4D309F1010909F0FF090198AB
:10181000A9EB0000B04205D1DDF804900BF1080BF4
:101820000BF0FF0BD8466D1CADB200988542B2D3C9
:1018300034E70122DAE708B580460E4691460024D7
:101840000025774F4DB91023224618218020CDF86E
:101850000090FFF78CFF641CE4B244451DD14FF0AB
:10186000000A16E001240023601E07EBC40207EB08
:10187000C000D15CC1545B1CDBB2082BF9D3641CE3
:10188000E4B2902CEFD3FFF78CFD0AF1010A0AF0C5
:10189000FF0ABAEB061FE5D300246D1CEDB2102D34
:1018A00000D1002501200023421E07EBC00107EBF9
:1018B000C20211F803C002F803C05B1CDBB2082BA4
:1018C000F7D3401CC0B29028EDD3FFF76AFDB9E70B
:1018D0002DE9FF4F81B006460F464FF0000A0096F3
:1018E000B946580701D0012000E0002000EBD300EA
:1018F00004904FF0000B38E04FF000082EE00E98F7
:1019000010F80A500AF1010A1FFA8AFA0024E807BF
:1019100005D0394630460F9AFFF785FD06E00F984F
:1019200050B3002239463046FFF77DFD6D087F1C1D
:10193000FFB2641CE4B2082CE9D3761CF6B200981E
:10194000311A0398814204D1009E09F1080909F077
:10195000FF094F4608F1010808F0FF080398804589
:10196000CDD30BF1010B0BF0FF0B04988345C3D3D0
:1019700005B0BDE8F04F14E50122D3E738B50121E9
:101980000820FFF70EF84FF48074ADF800401420E3
:101990008DF8030003208DF80200224D6946284689
:1019A000FEF7F9FD21462846FEF764FE6400ADF817
:1019B000004069462846FEF7EEFD21462846FEF720
:1019C00059FEC820FFF731FA0021AE20FFF789FC4D
:1019D00000210846FFF785FC00211020FFF781FC5D
:1019E00000214020FFF77DFC00218120FFF779FCDA
:1019F0000021CF20FFF775FC0021A120FFF771FC2B
:101A00000021C82010E000008C800008007400084D
:101A1000287600089C7A0008F08F0008E88D0008FE
:101A200050000020000C0140FFF75BFC0021A620C5
:101A3000FFF757FC0021A820FFF753FC00213F20AF
:101A4000FFF74FFC0021D320FFF74BFC0021084695
:101A5000FFF747FC0021D520FFF743FC0021802041
:101A6000FFF73FFC0021D920FFF73BFC0021F120CC
:101A7000FFF737FC0021DA20FFF733FC00211220AA
:101A8000FFF72FFC0021DB20FFF72BFC002130208B
:101A9000FFF727FC00212020FFF723FC0021022074
:101AA000FFF71FFC00218D20FFF71BFC00211420F5
:101AB000FFF717FCFFF7A5FC0021AF20FFF711FC93
:101AC00038BD000038B501210420FEF76AFF102060
:101AD0008DF803000402ADF8004003208DF80200E9
:101AE000044D69462846FEF756FD21462846FEF776
:101AF000C3FD38BD000801401CB500254FF4A060AF
:101B0000FEF784FCFFF772F94FF4E1342046FFF74B
:101B1000A3F92046FFF7F2F9FFF730FFFFF7D2FFF6
:101B2000814F7CA13846FFF750FA02E0C820FFF74A
:101B30007CF9FFF744FB0028F8D1012410237BA295
:101B4000182114200094FFF7ADFD03F0C1FB102312
:101B500079A2182100200094FFF7A4FD10237BA296
:101B6000182100200094FFF79DFD10237BA2302157
:101B70001E200094FFF796FD7AA13846FFF725FA5C
:101B80004FF4FA7602E03046FFF74FF97CA17EA0D1
:101B900003F04BFB0028F6D187A13846FFF715FA72
:101BA00002E03046FFF741F900F027FA0028F8D1AB
:101BB000FFF727FC00221023114610460094FFF780
:101BC000D6FD10230122002112200094FFF7CFFD43
:101BD00010230222002124200094FFF7C8FD1023C7
:101BE0000322002136200094FFF7C1FD10230422B8
:101BF000002148200094FFF7BAFD102305220021A0
:101C00005A200094FFF7B3FD1023062200216C2018
:101C10000094FFF7ACFD0022102318211046009419
:101C2000FFF7A5FD10230222182112200094FFF7D0
:101C30009EFD10230122302100200094FFF797FD24
:101C400010230222302112200094FFF790FD102370
:101C50005CA2182150200094FFF724FD10235AA203
:101C6000302150200094FFF71DFDFFF79AFB00F094
:101C7000E9FA6D1CADB2642D41D3544B5A1E511E6E
:101C8000481EFFF76EFA1026504DCDE90064ED1E98
:101C900002232A7818213320FFF72BFD10234CA2B2
:101CA000182146200094FFF7FDFCCDE900640223D3
:101CB000AA7818214B20FFF71CFDCDE90064022310
:101CC0006A7830213320FFF714FD102340A2302121
:101CD00046200094FFF7E6FCCDE900640223EA7891
:101CE00030214B20FFF705FD6B782A7839A1384663
:101CF000FFF76BF900F03CFA002503F07DFA0020B5
:101D000003F0CCFA08B100F06CFC0A20FFF78DF864
:101D1000AFE7000020486172647761726520696EE8
:101D20006974204F4B0D0A00003801404E657477EE
:101D30006F726B696E670000202020202020202019
:101D400020202020202020200000000020436F6E53
:101D50006E656374656420746F0000004F4E454EDD
:101D600045540000436F6E6E656374204D515454AA
:101D700073205365727665722E2E2E0D0A000000B8
:101D8000434F4E4E4543540041542B434950535406
:101D90004152543D22544350222C226D717474736D
:101DA0002E6865636C6F7564732E636F6D222C31C2
:101DB0003838330D0A0000004E45545F4F4B0D0A72
:101DC0000000000020204300202025002F000020DC
:101DD0002E00000054454D503A25642048554D4989
:101DE0003A25640D0A0000002DE9F0438BB005464A
:101DF0000024284603F0A8FBC7B20DB11C2F03D264
:101E000001200BB0BDE8F0834FF000090DF104088C
:101E100006E0285D08F8040005F80490641CE4B2AC
:101E2000BC42F6D308F804900026002418E018F805
:101E300006002B281AD008DC20281ED0232838D0F2
:101E400025282FD0262806D13AE02F281CD03D285F
:101E50003DD03F281FD02855641CE4B2761CF6B252
:101E6000BE42E4D305F804900020CAE72819FEA179
:101E700003F042FBE41CE4B2F0E72819FBA103F0F5
:101E80003BFBE41CE4B2E9E72819F9A103F034FBB9
:101E9000E41CE4B2E2E72819F6A103F02DFBE41CF0
:101EA000E4B2DBE72819F4A103F026FBE41CE4B25A
:101EB000D4E72819F1A103F01FFBE41CE4B2CDE73D
:101EC0002819EFA103F018FBE41CE4B2C6E72819B7
:101ED000ECA103F011FBE41CE4B2BFE72DE9F04FE5
:101EE000C9B00546DDF84CB1DDF85491DDF8488104
:101EF0000C4616461F464FF0000ACDF820A1002DD3
:101F00000AD04CB1E048864206D32FB1BBF1000F96
:101F100002D05498782803D2012049B0BDE8F08F50
:101F2000402118A803F0DDFA384603F00DFB0090BD
:101F30003B4648AA402118A800F0C6FE482106A842
:101F400003F0CFFAB9F1000F09D0D0A08DE831002D
:101F50003346D0A2482106A803F032FF09E0CBA007
:101F60008DE811013346D1A24821039506A803F05C
:101F700027FF402128A803F0B4FA06A803F0E4FAEA
:101F8000074618A803F0E0FA014628A800903B464F
:101F900006AA18A800F08FFDCDF820A1402138A88E
:101FA00003F09FFA28A803F0CFFA009028AB48AAC4
:101FB000402138A800F004FE38A8FFF715FF38A824
:101FC000B9F1000F0BD0B1A1CDE90210CDE9004667
:101FD0002B46BEA25846549903F0F2FE0BE0CDE921
:101FE0000186AAA10094CDE903102B46C54A5846A4
:101FF000549903F0E5FE00208FE770B5B2B00024DD
:102000002E942F94309431940125A02006AEBEA1C9
:10201000CDE90016CDE90204BCA3C84AC8A1CBA0F3
:10202000FFF75CFF0096D84EC5A3B7A2CAA1304601
:10203000FEF7CBFF2EA8CDE904400120CDE9000436
:10204000030202940394B0A206A9BDA002F00BFB08
:1020500030B1CEA13046FEF7B8FF32B0284670BD91
:102060002F9881B22E9803F001F9FA2003F016F9A7
:102070000446002C31D0204602F0C6FA02282CD1AA
:10208000204602F037FC062823D2DFE800F00309DF
:102090000E13181DC6A13046FEF797FF00251CE061
:1020A000C8A13046FEF791FF17E0CDA13046FEF7FC
:1020B0008CFF12E0D3A13046FEF787FF0DE0D9A1D7
:1020C0003046FEF782FF08E0DFA13046FEF77DFFD5
:1020D00003E0E8A13046FEF778FF2EA802F055FA9B
:1020E000BBE710B58CB004463021684603F0F9F91F
:1020F000E7A1204603F043FA3021684603F0F1F9E6
:10210000E94968460B78E9490A78E9A103F072FECB
:102110006946204603F0F0F93021684603F0E1F902
:10212000EB4968460B78EB490A78EBA103F062FEB5
:102130006946204603F0E0F93021684603F0D1F902
:10214000EC49087808B1ECA200E0EDA2EEA16846E7
:1021500003F050FE6946204603F0CEF9EFA1204679
:1021600003F0CAF9204603F0EFF90CB0C0B210BD7D
:1021700070B5C6B000204290439044904590002432
:10218000814EE7A13046FEF720FFB11502A803F00B
:10219000A8F902A8FFF7A5FF054628000CD042A821
:1021A000009000232A4658A165A002F077FC28B1D0
:1021B000E3A13046FEF709FF46B070BD02A807E074
:1021C000439B025D591C43914299CA54641C24B23A
:1021D000AC42F5DB439881B2429803F047F8E0A1A6
:1021E0003046439AFEF7F1FE42A802F0CEF9E3E74B
:1021F00070B588B006460D460024049405940694F4
:1022000007942B463246DAA15F48FEF7DEFE2846E9
:1022100003F09AF901210094CDE90141034604A895
:1022200003902A4631460A2002F071FB002807D1AC
:10223000059881B2049803F019F804A802F0A5F9F2
:1022400008B070BD00B595B00020119012901390A9
:10225000149003A802902CA0009039A3CCA238219E
:1022600003A803F0ADFDA3E1253242002532300082
:10227000253246002533460025323500253233000D
:1022800025323600253344009554415D7368613131
:102290000000000025640A25730A70726F6475637C
:1022A00074732F25730A25730000000025640A2526
:1022B000730A70726F64756374732F25732F64656E
:1022C00076696365732F25730A25730076657273CB
:1022D000696F6E3D2573267265733D70726F64750C
:1022E0006374732525324625732665743D2564265F
:1022F0006D6574686F643D2573267369676E3D254F
:1023000073000000D09300086F6E65007A30387A51
:102310006B37457457656B54426173426161653533
:10232000593175444A374F6C612B63357A77655262
:10233000433476424A33633D0000000000CF9D7471
:10234000513930547450366376770000323031386A
:102350002D31302D333100004F6E654E45545F44B2
:1023600065764C696E6B0D0A4E414D453A202573DA
:102370002C0950524F49443A2025732C094B45599A
:102380003A25730D0A000000003801405741524EB3
:102390003A094D5154545F5061636B6574436F6EDD
:1023A0006E656374204661696C65640D0A00000007
:1023B000546970733A09C1ACBDD3B3C9B9A60D0A4B
:1023C000000000005741524E3A09C1ACBDD3CAA724
:1023D000B0DCA3BAD0ADD2E9B4EDCEF30D0A000063
:1023E0005741524E3A09C1ACBDD3CAA7B0DCA3BA1B
:1023F000B7C7B7A8B5C4636C69656E7469640D0A24
:10240000000000005741524E3A09C1ACBDD3CAA7E3
:10241000B0DCA3BAB7FECEF1C6F7CAA7B0DC0D0A8E
:10242000000000005741524E3A09C1ACBDD3CAA7C3
:10243000B0DCA3BAD3C3BBA7C3FBBBF2C3DCC2EB04
:10244000B4EDCEF30D0A00005741524E3A09C1AC2B
:10245000BDD3CAA7B0DCA3BAB7C7B7A8C1B4BDD3B0
:1024600028B1C8C8E7746F6B656EB7C7B7A8290DE8
:102470000A0000004552523A09C1ACBDD3CAA7B008
:10248000DCA3BACEB4D6AAB4EDCEF30D0A00000098
:102490007B226964223A3132332C22706172616D81
:1024A00073223A7B000000002E0000202C00002048
:1024B0002254656D7065726174757265223A7B2273
:1024C00076616C7565223A25642E25647D2C0000AA
:1024D0002F0000202D0000202248756D696469746A
:1024E00079223A7B2276616C7565223A25642E2525
:1024F000647D2C00300000207472756500000000BF
:1025000066616C7365000000224B6579223A7B227C
:1025100076616C7565223A25737D00007D7D000033
:10252000546970733A094F6E654E65745F53656EFA
:1025300064446174612D4D5154540D0A0000000033
:102540005741524E3A094544505F4E657742756691
:10255000666572204661696C65640D0A00000000C2
:1025600053656E642025642042797465730D0A00FA
:102570005075626C69736820546F7069633A2025E6
:10258000732C204D73673A2025730D0A000000005C
:10259000247379732F25732F25732F7468696E67E1
:1025A0002F70726F70657274792F736574000000FC
:1025B00003AA63A16848FEF708FD11A80090012353
:1025C00002AA0021142002F055FB002807D112981E
:1025D00081B2119802F04AFE11A801F0D6FF15B0A1
:1025E00000BD2DE9F0478CB081464FF00008CDF8D2
:1025F0002C80CDF82880CDF82480CDF82080CDF82F
:102600001C8000250024484601F0FEFF0646DFF846
:1026100048A1032E11D0042E5CD0092E64D0651E73
:1026200002F0EAFD6D1C7DD03A210B9802F082FF8A
:10263000002875D0401C04AB68E007A908AACDE9C2
:102640000021464802900BAB09AA0AA9484602F0AD
:1026500007FC054628003DD1BDF820000B99CDE9C7
:102660000010BDF824303EA150460A9AFEF7ADFC9A
:102670004AA10A9802F04CFF0B9801F054F94AA1C4
:1026800001F0D8FC4AA101F0D5FC0746380021D062
:1026900048A15046FA68FEF798FC304AF868921E46
:1026A000494B4FF48051012801D050B112E0012074
:1026B00010701846FDF7DEFF44A15046FEF785FC7A
:1026C00008E082F800801846FDF7D6FF41A1504689
:1026D000FEF77BFC484602F0D4FC0028A0D13FA1C5
:1026E0005046FEF772FC9BE7484602F031FB20B1F2
:1026F00042A15046FEF769FC92E747A15046FEF71B
:1027000064FC8DE72246641C9954401C0178A1F1B9
:102710003002092AF6D903F8048004A802F047FF22
:102720000F2E00E008E001D0032E05D10A9804F036
:10273000F7F80B9804F0F4F80CB0BDE8F08700004F
:1027400053756273637269626520546F7069633A8E
:102750002025730D0A0000000038014032000020DF
:10276000746F7069633A2025732C20746F706963ED
:102770005F6C656E3A2025642C207061796C6F6106
:10278000643A2025732C207061796C6F61645F6CF2
:10279000656E3A2025640D0A0000000072657175AF
:1027A0006573742F00000000706172616D7300002A
:1027B0004B65790064617461203D202D2D2D2D2005
:1027C00025640D0A0000000000080140BFAAB5C63C
:1027D0000D0A0000B9D8B5C60D0A0000546970731F
:1027E0003A094D515454205075626C6973682053F6
:1027F000656E64204F4B0D0A000000005469707331
:102800003A094D515454205375627363726962657D
:10281000204572720D0A0000546970733A094D51D7
:10282000545420537562736372696265204F4B0D77
:102830000A00000070B5044601EA0205142C03DA10
:1028400028468B43584070BD81EA02065E40282C22
:1028500001DA304670BD3C2C05DA1940694002EAC5
:102860000300484070BD502CFCDA304670BD014674
:10287000142901DACB487047282901DACA48704781
:102880003C2901DAC94870475029FCDAC84870472A
:1028900010B5024601209040401EC44301EA0403E3
:1028A000D3400140C2F1200081400B43184610BDC7
:1028B00030B50446C4F1200301229A40521ED5438C
:1028C00001EA0200A040294021FA03F2104330BD82
:1028D0002DE9F04FD8B08146154601F10800401CA3
:1028E000CA00C31700EB93639C11569423F03F0377
:1028F000C01A002802DD5698401C56900846002356
:1029000002E009F80030401C569CB0EB841FF8DB55
:10291000802009F80100569809EB8010001FC27052
:10292000110A8170110C4170110E0170A148519073
:10293000A14852909F48C04353909F48C043549031
:102940009E4855900020579077E00024102C19D213
:1029500057986A46800100EB840019F800100906B8
:102960004DF824104844437801EB034142F8241009
:10297000837801EB032142F82410C078084442F820
:10298000240018E0502C16D2E01EA4F110025DF8CD
:102990002010401F5DF822205DF820006E46414067
:1029A000A4F10E005DF82000504041400120FFF7E7
:1029B0007FFF46F82400641C502CC7D3DDF8448107
:1029C00052985090539F549EDDF854A100244146E4
:1029D0000520FFF76DFF834633463A46204650995F
:1029E000FFF728FF584400EB0A022046FFF73FFF9D
:1029F00010445DF8241001EB000BB2463E461E2049
:102A00005099FFF755FF0746CDF84081D846641C22
:102A1000502CDCD35198404451905299509808441E
:102A20005290539838445390549830445490559849
:102A3000504455905798401C579056995798884243
:102A400083DB5198E8705198000AA8705198000CE7
:102A500068705198000E28705298E8715298000AD8
:102A6000A8715298000C68715298000E2871539802
:102A7000E8725398000AA8725398000C6872539831
:102A8000000E28725498E8735498000AA87354985A
:102A9000000C68735498000E28735598E874559884
:102AA000000AA8745598000C68745598000E287494
:102AB00058B0BDE8F08F2DE9F04FADF58E5D8C4636
:102AC0000DF580519346D1F8E471984640254FF0BA
:102AD00036094FF05C0A002100220DF58C56725425
:102AE000491C4029FBDBAC4513D00ADD3A46614660
:102AF000FFF7EEFE0020395C3154401C1428FADB4D
:102B00000EE0002402E0015D3155641C6445FADBEF
:102B100006E0002102E0425C7254491CA942FADB43
:102B200000200DF58A52315C81EA09011154401CE4
:102B30004028F8DB002120A8535C4354491C40295D
:102B4000FADB002105E043181BF8012083F8402040
:102B5000491C4145F7DB08EB05013A46FFF7B8FE93
:102B600000200DF58852315C81EA0A011154401CA5
:102B70004028F8DB00210BA8535C4354491C402932
:102B8000FADB002143187A5C83F84020491C1429A1
:102B9000F8DB3A4605F11401FFF79AFE0DF58E5D5C
:102BA00087E700009979825AA1EBD96EDCBC1B8FB4
:102BB000D6C162CA0123456789ABCDEFF0E1D2C32C
:102BC0002DE9F04F099D0024A146002D14D00327C4
:102BD000B5FBF7F6B5FBF7FC07FB165606B1012669
:102BE00066446FF0290CB6F1804F09D34FF0FF30E7
:102BF00010606046BDE8F08FC2F800900020F9E751
:102C0000B600761CB14208D338B1B5FBF7F101EB41
:102C1000410A0146DFF8008224E016606046E9E7D9
:102C20001E785F789B1C13F801CB4FEA960B18F8BF
:102C30000BB081F800B0360106EB271606F03F0610
:102C400018F806604E70BE0006EBAC1606F03F06A4
:102C500018F806608E700CF03F0618F80660CE700B
:102C6000091DE41C5445DBD3AC4225D213F8016B9B
:102C7000641C3D27AC4201D21B7801E04FF00003F9
:102C8000C6F3850418F804400C704FEA061404EBF0
:102C9000231404F03F0418F804404C7001F10201C1
:102CA00006D203F00F0318F8233001F8013B01E0CE
:102CB00001F8017B01F8017BA1EB0000106081F8B5
:102CC00000904FF0000095E72DE9F047089F0024A1
:102CD000A446A046DFF840A16FF02B050AF1400A98
:102CE00043E0002601E0641C761CBC4204D213F8C9
:102CF0000490B9F1200FF6D0BC4238D0A7EB0409FC
:102D0000B9F1020F0BD313F80490B9F10D0F06D1EE
:102D100003EB040999F80190B9F10A0F24D013F8D4
:102D20000490B9F10A0F1FD016B12846BDE8F0870C
:102D3000B9F13D0F06D108F10108B8F1020F01D930
:102D40002846F3E7B9F17F0F0AD81AF809607F2EF9
:102D500006D0402E06D2B8F1000F03D02846E5E792
:102D60002846E3E70CF1010C641CBC42B9D3BCF16A
:102D7000000F16D04FEADC0505EB45056E000CF0A0
:102D8000070505EB4505072707EB450506EBD505C8
:102D9000A5EB080508B1A94206D215606FF029001D
:102DA000C4E700201060C1E7032600218C460546D9
:102DB0002CE01F780D2F27D00A2F25D0202F23D0CD
:102DC0001AF80770402F0DD04FF00008A6EB080648
:102DD0008846394668F39F110CF1010CBCF1040FD1
:102DE00003D011E04FF00108F0E74FF0000C16B1EE
:102DF0000F0C05F8017B012E02D90F0A05F8017BA3
:102E0000022E01D905F8011B641E5B1C002CD0D1D9
:102E1000281A1060002089E7F0910008FE488068B9
:102E2000704770B504460D46002C01D02DB10AE064
:102E30000DB1012070BD002070BD012070BD207853
:102E400098B1641C6D1C207802F02CFB0646287893
:102E500002F028FB8642F2D0207802F023FB0446E1
:102E6000287802F01FFB201A70BD002070BD70B5DD
:102E70000646304602F068FB451CE74B28461B68B7
:102E80009847041E06D02A463146204602F010FB21
:102E9000204670BD002070BDDF4A002802D00168C6
:102EA00031B904E0DD481060DD4850607047DB490F
:102EB0001160406800B9DA485060704710B5D649D3
:102EC00028200968884704461CB12821204602F0C2
:102ED00008FB204610BD70B50446CF4E19E02568AA
:102EE000A089C00503D4A06808B1FFF7F4FFA0894A
:102EF000C00503D4206908B171688847A08980059E
:102F000003D4206A08B171688847716820468847F1
:102F10002C46002CE3D170BD2DE9F34F85B08A46D5
:102F200000242546BF490020CDE90201002637468E
:102F30008346012001909AF800002D2805D1BA4956
:102F40000020CDE902010AF1010A9AF800003028B8
:102F500001D10AF1010A9AF800003138082817D87F
:102F60009AF80000303802F048FC8046894600227A
:102F7000AE4B2046294602F0CEFB42464B4602F0BD
:102F800023FB04460D461AF8010F30380928E7D90B
:102F90009AF800002E2827D19AF80100302823D370
:102FA000392821D80AF1010A9AF80000303802F0D5
:102FB00024FC8046894600229C4B2046294602F08C
:102FC000AAFB42464B4602F0FFFA04460D46002299
:102FD000944B3046394602F098FB06460F461AF8E5
:102FE000010F30380928DFD99AF80000652801D090
:102FF00045281DD11AF8010F2B2802D02D2803D007
:1030000010E00AF1010A0DE04FF0FF3001900AF1E3
:10301000010A07E00BEB8B0100EB410B0AF1010AFF
:10302000ABF1300B9AF80000A0F130010929F1D979
:1030300001980BFB00F002F0E0FB32463B4602F049
:10304000C3FA02460B460020784903F0C7FC064647
:103050000F46DDE9020122462B4602F05CFB3246B8
:103060003B4602F058FB04460D460598C0E906456C
:103070002046294602F0D2FB0599486105980321B4
:10308000C16007B05046BDE8F08F401E40EA6000C6
:1030900040EAA00040EA201040EA202040EA204018
:1030A000401C70472DE9F0410446002C09D02268ED
:1030B0003AB1A36858186168814204DBD018BDE8B2
:1030C000F0810020FBE7FFF7E0FF0746524E38464D
:1030D00031688847054665B1D4E90012284602F0F8
:1030E000E7F971682068884767602560A068284410
:1030F000E5E7716820688847002060602060DEE7AF
:1031000010B50446002C08D0206830B1A1680844EE
:1031100002F01AFAA168084410BD002010BD2DE984
:10312000F04707460E46DFF8F080DFF80491D7E954
:103130000645002213462046294602F0A1FB13D182
:103140002EB102213046FFF7ADFF804604E0D8F8EB
:103150000010022088478046B8F1000F03D035A048
:103160000088A8F8000098E0786902F046FB224643
:103170002B4602F0CAFA21F0004100224B4602F031
:103180007FFB22D82C4A2D4B2046294602F078FBA3
:103190001BD800222A4B2046294602F089FB14D86E
:1031A0002EB115213046FFF77DFF804604E0D8F8A8
:1031B0000010152088478046B8F1000F6DD021A17E
:1031C00040467A6902F016FE67E02EB14021304693
:1031D000FFF768FF804604E0D8F8001040208847D9
:1031E0008046B8F1000F58D02046294603F02AFB4C
:1031F00022462B4602F089FA21F0004100224B467C
:1032000002F03EFB2BD825F0004120460E4A0F4B22
:1032100002F036FB23D21BE0340000207169000865
:10322000216900080000F03F0000F0BF00002440CA
:103230000000B03C300000000000C0FFFFFFDF4195
:103240000000E0C12564000044F3C2E4E4E9634CFB
:1032500022462B46F7A1404602F0CCFD1DE0204659
:1032600025F0004106460F46F44AF54B02F008FBF4
:1032700006D3304639460022F24B02F019FB06D243
:1032800022462B46F0A1404602F0B4FD05E022465E
:103290002B46EEA1404602F0ADFD4046BDE8F0876A
:1032A0000178A1F13002092A01D811460AE0A1F102
:1032B0004102052A01D8373904E0A1F16102052A4B
:1032C0000AD857390A01401C0178A1F13003092BB3
:1032D00004D8303A11440EE000207047A1F14103B8
:1032E000052B02D8373A114405E0A1F16103052B03
:1032F0000BD8573A11440A01401C0178A1F1300360
:10330000092B04D8303A11440EE000207047A1F197
:103310004103052B02D8373A114405E0A1F16103BE
:10332000052B0AD8573A114409014078A0F1300220
:10333000092A04D830390844704700207047A0F1AA
:103340004102052A02D8373908447047A0F16102CA
:10335000052A02D8573908447047002070472DE9E4
:10336000F04780460D466C1C00202A78B849222A76
:1033700005D08D6092E7641C5C2A00D1641C227821
:10338000222A02D00AB1401CF5D10968401C8847A6
:103390000746380004D0681C3C464FF480691AE0A8
:1033A00000207BE75C2903D004F8011B401C12E0DD
:1033B000461C3078722825D006DC622816D0662894
:1033C00018D06E2804D119E074281FD0752821D098
:1033D00004F8010B701C0178222901D00029E1D1E9
:1033E00000212170017822296AD06AE0082004F8BF
:1033F000010BEFE70C2004F8010BEBE70A2004F8BF
:10340000010BE7E70D2004F8010BE3E7092004F8BE
:10341000010BDFE7701CFFF743FF0546361DA5F5DE
:103420005C404845D6D3002DD4D0A5F5584048453A
:1034300013D270785C28CDD1B0787528CAD1F01C31
:10344000FFF72EFFB61DA0F55C414945C2D2C5F37A
:10345000090161F39F2000F580350421802D01D200
:10346000012108E0B5F5006F01D2022103E0B5F5B6
:10347000803F00D20321601801291AD0022911D0FF
:10348000032908D0042919D105F0BF0242F08002B7
:1034900000F8012DAD0905F0BF0242F0800200F8EE
:1034A000012DAD0905F0BF0242F0800200F8012DA8
:1034B000AD09684A525C2A4300F8012D441889E797
:1034C000401CC8F810700421C8F80C10E6E62DE97D
:1034D000F05F05468A4600240021A9460AE0421E04
:1034E0001F2A15D3222813D05C2811D000200143B5
:1034F00009F1010999F800000028F0D1DFF850B176
:1035000080462227DBF8002021B125B32E4643E078
:103510000120ECE7A9EB0506BAF1000F05D0F11C7C
:103520005046FFF7BFFD044602E0F01C90470446FA
:103530007CB1277004F101092946484602F01FF8C2
:1035400009F8067009EB060080F801802046BDE806
:10355000F09F0020FBE7BAF1000F05D00321504691
:10356000FFF7A0FD044602E00320904704462CB17B
:1035700039A1204602F003F82046E8E70020E6E7FC
:10358000494636A001F0D6FF08B1641C03E0B9F14A
:10359000200F00D2641D761C96F80090B9F1000F40
:1035A00001D0641CECD1BAF1000F05D0E11C5046EB
:1035B000FFF778FD064604E0DBF80010E01C8847C2
:1035C00006462EB1304600F8017B4FF05C0925E03D
:1035D0000020BCE71F2907D9222905D05C2903D088
:1035E00000F8011B6D1C19E000F8019B044615F85A
:1035F000012B0C2A41D006DC082A3AD0092A48D0EF
:103600000A2A06D13DE00D2A3FD0222A2ED05C2A7C
:103610000CD014A1204602F0EDFB601D2978002992
:10362000D8D1077080F80180304690E784F8009088
:10363000601CF3E7252E3066000000008DEDB5A07C
:10364000F7C6B03E65CDCD4125650000256600007A
:1036500034000020B092000822220000225C080CF6
:103660000A0D090075253034780000002770601CB1
:10367000D4E762202070601CD0E766202070601CB8
:10368000CCE76E202070601CC8E772202070601CA0
:10369000C4E774202070601CC0E7006917E700E0F1
:1036A000401C002804D00178002901D02029F7D936
:1036B00070472DE9F04107460878FE4E7B2802D07E
:1036C000B1600020FBE40620F860481CFFF7E7FF2C
:1036D000054628787D2818D0FFF7F0FB0446B8602F
:1036E000A8B12846FFF7DBFF01462046FFF737FE6B
:1036F000FFF7D5FF68B121692162002727610178B2
:103700003A2908D0B0600020D9E4681CD7E4002032
:10371000D5E40020D3E4401CFFF7C1FF014620465A
:1037200000F086F8FFF7BBFF0546280028D1C6E465
:10373000FFF7C4FBA8B1206044600446681CFFF793
:10374000AEFF01462046FFF70AFEFFF7A8FF50B183
:1037500021692162276101783A2906D0B0600020F2
:10376000ADE40020ABE40020A9E4401CFFF797FF84
:103770000146204600F05CF8FFF791FF054645B191
:1037800028782C28D4D028787D2804D0B560002053
:1037900095E4002093E4681C91E42DE9F04107468C
:1037A0000878C44E5B2802D0B160002087E4052071
:1037B000F860481CFFF773FF044620785D2811D09D
:1037C000FFF77CFB0546B86070B12046FFF767FF46
:1037D0000146284600F02CF8FFF761FF0446200060
:1037E00004D016E0601C6AE4002068E4002066E46F
:1037F000FFF764FBB0B1286045600546601CFFF729
:103800004EFF0146284600F013F8FFF748FF044634
:1038100054B120782C28EBD020785D2806D0B460F5
:1038200000204CE400204AE4002048E4601C46E408
:1038300070B505460C46002C20D004229EA12046DF
:1038400001F0A6FEE0B105229DA1204601F0A0FEF8
:10385000D0B104229CA1204601F09AFEC0B120788C
:1038600022281AD02D2803D0A0F13001092919D817
:1038700021462846BDE87040FFF74EBB002070BDD2
:103880000220E860201D70BD0020E860601D70BD52
:103890000120E8606861201D70BD21462846BDE812
:1038A00070405CE55B2805D07B2808D081488460A7
:1038B000002070BD21462846BDE870406DE72146D6
:1038C0002846BDE87040F4E62DE9F04104460D4677
:1038D0009046FFF7F3FA0646764F0020B860BEB177
:1038E0002046FFF7DCFE01463046FFF7A1FF044605
:1038F00084B1B8F1000F12D02046FFF7D0FE044685
:10390000207860B13046FFF7E6FABC600020D9E6C7
:103910000020D7E63046FFF7DEFA0020D2E605B1F8
:103920002C603046CEE600221146CDE72DE9FF5F40
:103930008346894615461F460020039007200190C4
:103940000024DBF8080000260021009101E0761C2D
:1039500000680028FBD1DFF85C81D8F800102EB198
:10396000002F7DD0BE687DB302242FE04FB115B18A
:1039700009F1040100E003213846FFF793FB0246FA
:1039800006E015B109F1040000E003208847024673
:1039900062B110467B2100F8011B7DB10A2100F8BD
:1039A000011B00210923A9F1010905E0002004B051
:1039B000CDE500F8013B491C4945FADB7D2101704A
:1039C000002141701046F2E7FFE70124611C3846F0
:1039D000FFF768FB90B17B2100F8011B15B10A21AC
:1039E00000F8011B4FF0000880F80080B868204400
:1039F000B860DBF8084009F101096DE00020D6E766
:103A00008DB149463846FFF74DFB10B10021092220
:103A100004E00020CBE700F8012B491C4945FADB04
:103A2000B8684844B8603946206AFFF750FD384608
:103A3000FFF766FBB86015B14FF0020A01E04FF0E6
:103A4000010A51463846FFF72DFBB8B13A2100F87C
:103A5000011B0DB109210170B8685044B86000E045
:103A60005CE03B462A464946204600F039FA384693
:103A7000FFF746FBB8601DB1012002E0002096E789
:103A80000020216809B1012100E0002100EB010ABA
:103A90000AF101013846FFF705FB18B3216811B19F
:103AA0002C2100F8011B15B10A2100F8011B80F838
:103AB00000800DE0340000206E756C6C000000008A
:103AC00066616C736500000074727565000000002B
:103AD000B8685044B8602468002C91D125B109F130
:103AE000010102E0002062E702213846FFF7DAFA1E
:103AF00028B15DB100260921A9F1010904E00020E7
:103B000055E700F8011B761C4E45FADB7D2101705C
:103B100080F80180386830440390E1E04FEA860A7B
:103B2000504688470746380018D0FC495046096877
:103B3000884780465FEA080012D05146384601F0B7
:103B4000D0FC5146404601F0CCFCDBF808B009F14E
:103B5000010A9DB301985044019034E0002026E70B
:103B6000EE49384649688847002020E70021DBF805
:103B70002000FFF7ACFC029048F8240000232A46FE
:103B80005146584600F0ACF92146641C47F8210024
:103B90000299A1B198B101F0D7FC8146029801F0D9
:103BA000D3FC09EB000115B10AF1020000E000208E
:103BB000014401980844801C019002E003E00120C8
:103BC0000090DBF800B0BBF1000FCFD1009820B916
:103BD000D2490198096888470390039808B90120E1
:103BE00000900098B8B10024CC4D0AE058F82400A9
:103BF00008B16968884757F8240008B169688847A0
:103C0000641CB442F2DB69684046884769683846FC
:103C100088470020CBE603997B200870039C641C36
:103C200015B10A2004F8010B0020207081463FE006
:103C30003DB10020092102E004F8011B401C504561
:103C4000FADB58F8290001F07FFC834658F8291068
:103C50005A46204601F02CFC5C443A2004F8010B43
:103C600015B1092004F8010B57F82910204601F07E
:103C700086FC57F8290001F067FC0444701E81455A
:103C800002D02C2004F8010B15B10A2004F8010B16
:103C900000202070DFF884B258F82900DBF8041007
:103CA0008847DBF8041057F82900884709F1010913
:103CB000B145BDDB994E404671688847716838460A
:103CC00088474DB100200921AAF1010A02E004F859
:103CD000011B401C5045FADB7D20207000206070E5
:103CE000039864E62DE9FF4F83B0834690461F4654
:103CF0004FF000094FF0050ADBF808000026002508
:103D0000002401E0761C00680028FBD1834A11687A
:103D10007EB1002F60D0BE6801213846FFF7C2F99E
:103D2000D0B15B210170B868401CB860DBF8085066
:103D30003EE02FB103213846FFF7B4F9044602E014
:103D40000320884704461CB175A1204601F017FCEA
:103D5000204607B0BDE8F08F0020FAE704993B4603
:103D60004246491C284600F0BBF83846FFF7C8F920
:103D7000B8602868D8B1B8F1000F02D04FF002093E
:103D800001E04FF0010909F101013846FFF78AF916
:103D9000F0B12C2100F8011BB8F1000F02D0202156
:103DA00000F8011B00210170B8684844B8602D6814
:103DB0000DB1002CD2D002213846FFF773F948B17B
:103DC0005D21017000214170386800EB060985E033
:103DD0000020BEE70020BCE7B000029088470746FD
:103DE000380005D0029901F07CFBDBF808B01EE03A
:103DF0000020AEE7049900234246491C584600F0D3
:103E00006FF829466D1C47F8210068B101F09CFB52
:103E10000146B8F1000F01D0012000E00020084465
:103E200082440AF1020A00E00124DBF800B0BBF191
:103E3000000F01D0002CDDD024B938495046096864
:103E400088478146B9F1000F00D101247CB10024DC
:103E5000324D05E057F8240008B169688847641CB2
:103E6000B442F7DB696838468847002071E75B2079
:103E700089F800004C464FF0000A04F801AF002515
:103E8000DFF898B020E057F8250001F05DFB0190C5
:103E900057F825102046019A01F00AFB01980444C6
:103EA000701E85420AD02C2004F8010BB8F1000FD7
:103EB00002D0202004F8010B84F800A0DBF80410E5
:103EC00057F8250088476D1CB542DCDBDBF8041091
:103ED000384688475D20207084F801A0484638E7BE
:103EE00070B50024002809D0ABB3057B072D73D231
:103EF000DFE805F018250632373C4000002070BD91
:103F000005211846FFF7CEF80446002C64D0AFF226
:103F10005841204601F033FB5EE0000034000020F1
:103F20005B5D000006211846FFF7BCF80446002C34
:103F300052D0AFF27441204601F021FB4CE0052144
:103F40001846FFF7AFF8044634B3AFF28441204679
:103F500001F015FB40E011E01946FFF7E0F80446D8
:103F60003AE01946FFF799FB044635E0FFF7BAFE41
:103F7000044631E0FFF7DAFC04462DE0037B072B13
:103F80002AD2DFE803F00A1004161B202500AFF246
:103F9000D840FEF76CFF04461EE0AFF2DC40FEF7AF
:103FA00066FF044618E0AFF2E040FEF760FF04460B
:103FB00012E00021FFF7B3F804460DE00021FFF7FF
:103FC0006CFB044608E00023FFF78CFE044603E088
:103FD0000023FFF7ABFC0446204670BD00230122FE
:103FE00019467DE700231A46194679E7FEB50546CE
:103FF0000C461646F74B20461B68984700900194E4
:10400000002002906B46324600212846FFF768FFE9
:10401000FEBD8168002001E0401C09680029FBD139
:104020007047806801E0491E0068002801D000291F
:10403000F9DC704770B50D46846800E024682CB147
:104040002946206AFEF7EDFE0028F7D1204670BD14
:1040500001604860704770B50546FEF72FFF0446C3
:1040600074B128222946204601F022FA002020625D
:10407000E16841F48071E16060602060204670BDBD
:10408000002070BD02469068002901D010B99160EF
:104090007047104610B10268002AFAD1D8E770B50F
:1040A00005460E461446002C0DD0206A10B1C949B1
:1040B000496888473046FEF7DAFE206221462846E6
:1040C000BDE87040DEE770BD70B506460D4614468B
:1040D000002C11D0A089800504D4206A10B1BD49FC
:1040E000496888472562E06840F40070E060214636
:1040F0003046BDE87040C5E770BD10B504460846BF
:10410000FFF7A9FF01462046BDE81040BAE770B5A9
:1041100004460D461046FFF79EFF024629462046FC
:10412000BDE87040BBE70246906801E00068491EA8
:1041300008B10029FADC80B1416809B103680B605D
:10414000016809B143684B609168814201D10168FF
:10415000916000210160416070470020704710B5F8
:10416000FFF7E1FFBDE81040FEF7B5BE2DE9F041D5
:1041700006460F460025B46801E06D1C24682CB18A
:104180003946206AFEF74DFE0028F6D124B12946B3
:104190003046BDE8F041C6E70020BDE8F08110B52B
:1041A000FFF7E4FFBDE81040FEF795BE30B40C46C3
:1041B0001146836801E01B68641E0BB1002CFADC19
:1041C0004BB10B605A684A60596082689A4204D1C8
:1041D000816030BC704730BC54E748680160F8E744
:1041E00030B40346986801E00068491E08B1002910
:1041F000FADC0028EDD0016811604468546001B118
:104200004A609968814201D19A6001E051680A6070
:1042100000214160016030BCFEF75DBED9E72DE9A9
:10422000F0410646884617460025B46801E06D1C3B
:1042300024682CB14146206AFEF7F3FD0028F6D130
:10424000002CAAD04046FEF712FE38623A462946B4
:104250003046BDE8F041C3E79FE710B5FEF72EFEFC
:10426000002801D00221C16010BD10B5FEF726FE66
:10427000002801D00121C16010BD10B5FEF71EFE5F
:10428000002801D00021C16010BD10B50446FEF722
:1042900015FE002804D00CB1012100E00021C1600E
:1042A00010BD70B504460D46FEF708FE064646B141
:1042B0000320F060C6E906452046294601F0AEFA23
:1042C0007061304670BD70B50546FEF7F7FD0446D7
:1042D0002CB10420E0602846FEF7C9FD206120468D
:1042E00070BD10B5FEF7EAFD002801D00521C160C0
:1042F00010BD10B5FEF7E2FD002801D00621C16017
:1043000010BD2DE9F047804689460027FFF7E9FFF9
:10431000064600240DE058F8240001F06EFAFFF77D
:10432000C0FF05465CB129463846FFF791FE2F468F
:10433000641C0EB14C45EEDB3046BDE8F087B5603D
:10434000F5E72DE9F047804689460027FFF7C9FFCA
:10435000064600240DE058F8240001F07EFAFFF72D
:10436000A0FF054654B129463846FFF771FE2F4697
:10437000641C0EB14C45EEDB3046DEE7B560F6E777
:104380002DE9F047804689460027FFF7AAFF064639
:1043900000240CE008EBC40103C9FFF782FF0546C7
:1043A00054B129463846FFF753FE2F46641C0EB120
:1043B0004C45EFDB3046C0E7B560F6E72DE9F04746
:1043C000074688464FF00009FFF78BFF064600249A
:1043D0000EE000003400002057F82400FFF773FFC0
:1043E000054654B129464846FFF732FEA946641CEB
:1043F0000EB14445F0DB30469FE7B560F6E72DE9A6
:10440000F04106460F460024002E1DD0FEF756FD53
:10441000054628001AD0F06820F48070E8607069C2
:104420006861D6E90601C5E90601306918B1FEF7F1
:104430001EFD286160B1306A18B1FEF718FD2862D0
:1044400058B17FB1B66821E00020A6E60020A4E6BE
:104450002846FEF740FD00209FE62846FEF73BFD7C
:1044600000209AE6284698E601213046FFF7C7FF6C
:1044700020B144B120604460044606E02846FEF7BF
:104480002AFD002089E6A86004463668002EEBD19C
:10449000284682E6014626E0202A08D0092A08D0CC
:1044A0000D2A08D00A2A08D02F2A08D00AE0401C7A
:1044B00019E0401C17E0401C15E0401C13E0437855
:1044C0002F2B03D02F2A06D008E0401C027852B1CF
:1044D0000A2A08D0F9E743782A2B0BD0222A12D0D7
:1044E00001F8012B401C0278002AD5D10020087069
:1044F0007047401C027822B12A2AFAD142782F2A2A
:10450000F7D1801CEFE701F8012B401C08E05C2A82
:1045100002D101F8012B401C10F8012B01F8012BEE
:1045200002780AB1222AF2D110F8012B01F8012BEE
:10453000D9E700002DE9F04104460F460025206828
:104540000026002802D00220207315E001202073ED
:10455000384602F00DFA2060002808D06660A76097
:1045600002E0206846556D1CA068A842F9D8BDE855
:10457000F081206846556D1CA068A842F9D8666095
:10458000A068B842F3D22660F1E710B50446207B5C
:10459000012802D1206802F0C3F900202060606089
:1045A000A060207310BD012200F07F030B70C009D2
:1045B00048B143F0800301F8013B521C042AF3DDAB
:1045C0004FF0FF30704710467047F0B504460123A6
:1045D000002010605D0512E0275C166807F07F0779
:1045E00007FB03661660265C360601D4401CF0BD4E
:1045F000DB01AB4202D36FF00100F0BD401C8842EA
:10460000EADB4FF0FF30F0BD38B50446FF212078DB
:104610000009421E0E2A01D3084638BD0328FCD1EA
:10462000002000906A460421601CFFF7CEFF204462
:10463000401C0099022902D32278D20701D0FF2022
:1046400038BD4278037842EA0322921C8A4201D99B
:10465000FF2038BDFEA1801C00F05AFF08B10F20DA
:1046600038BD032038BD2DE9FF5F9246DDF838B034
:10467000DDF84480139C99460025504600F064FF05
:1046800006B2BAF1000F20D006F1110087B2BBF1DB
:10469000000F00D00225109868B145F0040510986D
:1046A00000F052FF00F0FF0B404600F04DFF584471
:1046B0003844001D87B20F9870B1012807D0022836
:1046C00008D0022004B0BDE8F09F0120FAE745F0D1
:1046D0000C0501E045F01405129808B145F02405D9
:1046E000009858B3019848B345F0C005009800F011
:1046F0002BFF8346019800F027FF58443844001DE3
:1047000087B239462046FFF715FF2068C0B1394609
:1047100000F0E7FE60681022411C616021680A54C5
:10472000D4E900010144781FFFF73DFF00B20028E3
:1047300008DA2046FFF729FF0520C3E70320C1E779
:104740000420BFE7616808440022411C61602168C1
:104750000A5460680421421C626022681154606837
:104760004D23421C62602268135460685123421C2E
:1047700062602268135460685422431C636023689B
:104780001A546068431C636023681A546068421CB2
:104790006260226811546068411C616021680D5498
:1047A00060684FEA1922411C616021680A54606800
:1047B000411C6160216801F800906068320A411C68
:1047C000616021680A546068411C616021680E5470
:1047D000D4E9000108443246514600F0BCFE60684E
:1047E00030446060680736D5B8F1000F01D10FF290
:1047F0006828109800F0A8FE86B26068320A411C52
:10480000616021680A546068411C616021680E542F
:10481000D4E9000108443246109900F09CFE60681B
:1048200030446060404600F08FFE86B26068320A15
:10483000411C616021680A546068411C6160216804
:104840000E54D4E9000108443246414600F083FE8C
:10485000606830446060280618D5009800F074FE47
:1048600086B26068320A411C616021680A5460683F
:10487000411C616021680E54D4E9000108443246AD
:10488000009900F068FE606830446060680618D5E2
:10489000019800F059FE85B260682A0A411C6160E7
:1048A00021680A546068411C616021680D54D4E994
:1048B000000108442A46019900F04DFE6068284432
:1048C00060600020FEE610B5044602212046FFF796
:1048D00031FE216861B16068E023421C62600B54C4
:1048E00060680022411C616021680A54002010BDEC
:1048F000012010BD4178022901D001207047817844
:1049000019B1012901D0FF207047C07870472DE907
:10491000FF4F81B08246119C0F9991469B4600251E
:1049200000270022BAF1000F08D1012005B0BDE830
:10493000F08F232816D02B2814D06D1C0298405DD0
:104940000028F6D142F0300809B148F0010805EB23
:104950000B06B61C0E9870B1012805D0022807D0AE
:104960000320E3E70220E1E748F00208B61C02E07A
:1049700048F00408B61CB9F1000F28D099F80000DF
:10498000022809D0711D2046FFF7D4FD2068E0B150
:10499000711D00F0A6FD23E0002738467F1C19F8A2
:1049A00000007D28F9D13F1DABEB0700311A0091C3
:1049B000C91C2046FFF7BEFD206820B10099C91C24
:1049C00000F08FFD0CE00420B0E70420AEE7711D7D
:1049D0002046FFF7AFFD2068A8B1711D00F081FDF2
:1049E0006068411C6160216801F80080D4E9000121
:1049F00001443046FFF7D7FD002806DA2046FFF7CE
:104A0000C4FD052092E7042090E7616808442A0A63
:104A1000411C616021680A546068411C6160216822
:104A20000D54D4E9000108442A46029900F093FD90
:104A30006068284460600E9991B1411C61602168F2
:104A40004FEA1A220A546068411C6160216805E03F
:104A500024637265710000000000000001F800A0EE
:104A6000B9F1000F0DD099F8000002280BD0D4E95D
:104A7000000108445A46494600F01AFD606858444F
:104A80006060002052E7D4E9000108443A464946F4
:104A900000F00EFD606838446060F2E730B591B018
:104AA0001546149C03460091FDA2302105A801F093
:104AB00087F901200021CDE90204CDE900010A4671
:104AC0002B4605A90A20FFF722FF10B1012011B0E3
:104AD00030BD0020FBE72DE9FF5F04460D469346FD
:104AE0004FF00109204600F02FFD0D3001F040FF8E
:104AF0000746380033D02246EFA101F07BF9384653
:104B000000F022FDC6B206EB050808F10708A8EB85
:104B1000050001F02DFF0446200022D00220207065
:104B20004FF0000A84F801A0A67032463946E01C16
:104B300000F0BEFC290EA019C170290C0171290AD0
:104B4000417185710120CDE9000ACDE9020B434690
:104B50002246DDA10A20FFF7DAFE38B108E0484618
:104B6000B0E5384601F0DCFE4846ABE54FF0000901
:104B7000384601F0D5FE204601F0D2FE4846A1E5B8
:104B80002DE9F84380460C4617461D462F2108F1B3
:104B9000060000F0CFFC0021009148B3461C6A4695
:104BA000042108F10100FFF710FD252001F0E0FECF
:104BB0002060F8B1252100F094FC242231462068C1
:104BC00000F076FC243600982C3880B22880401CF7
:104BD00001F0CEFE386078B12988491C00F081FCD4
:104BE0002A883146386800F063FC0020BDE8F8836D
:104BF0000120FBE70220F9E7206801F091FE032085
:104C0000F4E72DE9FF47814688461746484600F0FD
:104C10009BFC84B2404600F097FC0026E01D01F0AA
:104C2000A7FE054625B3E11D284600F05AFCAFA0BB
:104C3000016829608088A88022464946284600F0FD
:104C40008AFC404600F080FC0346002001AC0121B4
:104C5000009083C4424629460A20FFF758FE00B15F
:104C60000126284601F05CFE304604B0BDE8F0871E
:104C70000120FAE72DE9F0478246089C894617464D
:104C8000984600260025BAF1000F09D10120EDE772
:104C900057F8250018B300F057FC06446D1CEDB220
:104CA0004545F5D308EB48008519AD1C691D204624
:104CB000FFF740FC2168A1B160688223421C62605A
:104CC0000B54D4E9000101442846FFF76CFC00B204
:104CD000002808DA2046FFF758FC0420C6E7022027
:104CE000C4E70320C2E761680844411C6160216891
:104CF0004FEA1A220A546068411C6160216801F879
:104D000000A0002520E057F8250000F01DFC064615
:104D10006068320A411C616021680A546068411C65
:104D2000616021680E54D4E90001084457F8251049
:104D3000324600F010FC60683044411C616021681C
:104D400001F800906D1CEDB24545DCD300208DE7E5
:104D50000146FF208A78002A0BD1CA78142A08D18C
:104D6000087938B1012805D0022803D0802803D063
:104D70000220704700207047012070472DE9F0475E
:104D800081460F4690461C4600260025B9F1000FCB
:104D900009D101206AE757F8250010B300F0D4FBD1
:104DA00006446D1CEDB24545F5D306EB4805AD1C38
:104DB000691D2046FFF7BEFB2168A1B16068A223F0
:104DC000421C62600B54D4E9000101442846FFF7FD
:104DD000EAFB00B2002808DA2046FFF7D6FB0420E1
:104DE00044E7022042E7032040E761680844411C91
:104DF000616021684FEA19220A546068411C6160B1
:104E0000216801F8009000251CE057F8250000F00B
:104E10009BFB06466068320A411C616021680A54A7
:104E20006068411C616021680E54D4E900010844A7
:104E300057F82510324600F08EFB60683044606001
:104E40006D1CEDB24545E0D300200FE7014601207F
:104E50008A78002A03D1C9781E2900D10020704722
:104E60002DE9F84F0546DDE90A7B0E4614469846C3
:104E7000287800F00F090020009009F0080AC9F313
:104E800041008BF800006A460421681CFFF79DFB77
:104E900005446D1C009802282DD35FEAC97029E0F3
:104EA000247379732F25732F25732F64702F706FE0
:104EB00073742F6A736F6E007B2264735F69642260
:104EC0003A222573227D0000247379732F376255AF
:104ED000643932344931762F54455354312F64703C
:104EE0002F706F73742F6A736F6E00002463727378
:104EF000702F000002D0FF20BDE8F88F6878297875
:104F000040EA012020800099801C884201D9FF20BE
:104F1000F2E7AFF2C441A81C00F0FAFA08B10F2082
:104F2000EAE79BF8000028B1012837D0022835D0E5
:104F3000FF20E1E7BAF1000F01D0FF20DCE7208875
:104F4000401C01F015FD306008B32188491C00F0B9
:104F5000C8FA2288A91C306800F0AAFA20880099B3
:104F6000081A801E80B23880401C01F001FDC8F88C
:104F7000000070B13988491C00F0B3FA2088AD1CDC
:104F800041193A88D8F8000000F092FA3EE0FF207C
:104F9000B2E7306801F0C4FCFF20ADE72088009A3A
:104FA000811C914201D9FF20A6E7E91C425CA91CA3
:104FB000405C42EA00210C9801800C9860B3208884
:104FC000401C01F0D5FC306040B32188491C00F042
:104FD00088FA2288A91C306800F06AFA20880099B3
:104FE000081A001F80B23880401C01F0C1FCC8F8CC
:104FF0000000A8B13988491C00F073FA20882D1DE3
:1050000041193A88D8F8000000F052FA2B213046B6
:1050100000F090FA70B908E0FF206DE7FF206BE721
:10502000306801F07DFCFF2066E72321304600F068
:1050300081FA08B1FF205FE700205DE770B5054603
:105040000C4604212046FFF775FA2168B9B1606863
:105050004023421C62600B5460680222411C616064
:1050600021680A5460682A0A411C616021680A5458
:105070006068411C616021680D54002070BD0120F2
:1050800070BD4178022901D001207047817811B9A3
:10509000C0780A2801D0012070470020704770B501
:1050A00005460C4604212046FFF744FA2168B9B1B1
:1050B00060685023421C62600B5460680222411CED
:1050C000616021680A5460682A0A411C6160216895
:1050D0000A546068411C616021680D54002070BD55
:1050E000012070BD4178022901D0012070478178EC
:1050F00011B9C0780A2801D00120704700207047FC
:1051000070B505460C4604212046FFF713FA2168C6
:10511000B9B160686223421C62600B54606802226D
:10512000411C616021680A5460682A0A411C616060
:1051300021680A546068411C616021680D54002098
:1051400070BD012070BD4278022A01D00120704755
:105150008278B2EB112F05D1C078C9B2884201D153
:10516000002070470120704770B505460C460421A9
:105170002046FFF7DFF92168B9B160687023421C4F
:1051800062600B5460680222411C616021680A540D
:1051900060682A0A411C616021680A546068411CE9
:1051A000616021680D54002070BD012070BD417800
:1051B000022901D001207047817811B9C0780A28EE
:1051C00001D0012070470020704710B5044602212D
:1051D0002046FFF7AFF9216861B16068C023421C27
:1051E00062600B5460680022411C616021680A54AF
:1051F000002010BD012010BD10B54FF4007176489D
:1052000000F06FF975490020088010BD73490888C7
:10521000002805D04A88904204D1002008807047B9
:105220000120704748800120704770B506460D4642
:10523000C824304600F088F982B231466848FBF74E
:10524000ACFE0EE0FFF7E2FF40B92946624800F0ED
:105250005FF918B1FFF7D0FF002070BD0A20FBF7FF
:10526000E4FD641EE4B2EDD2012070BD30B589B01A
:1052700004460D46FFF7C0FF2A465AA101A800F0D8
:10528000B9FD5CA101A8FFF7D0FF002804D12A4690
:1052900021465348FBF781FE09B030BD10B50446E6
:1052A000FFF7B4FF60B954A14B4800F031F938B1B1
:1052B0003A2100F03FF908B1401C10BD002010BD9C
:1052C0000520FBF7B2FD641EA4B2E9D2002010BD98
:1052D00038B501210420FBF764FB10208DF8030092
:1052E0000120ADF8000003208DF80200444C69460F
:1052F0002046FBF750F9002201212046FBF7BEF9BA
:10530000FA20FBF792FD012211462046FBF7B6F981
:105310004FF4FA742046FBF788FDFFF76DFF3B4D15
:1053200038A12846FBF751FE02E02046FBF77DFD41
:1053300037A138A0FFF779FF0028F6D137A128461A
:10534000FBF743FE02E02046FBF76FFD30A136A0DD
:10535000FFF76BFF0028F6D137A12846FBF735FE93
:1053600002E02046FBF761FD29A137A0FFF75DFFB2
:105370000028F6D138A12846FBF727FE02E0204698
:10538000FBF753FD37A139A0FFF74FFF0028F6D1F7
:105390003EA12846FBF719FE38BD10B5104C40F26F
:1053A00025512046FBF7F0FC002814D00B4A10884A
:1053B000B0F5007F01D3002010800948001D00884F
:1053C00011884B1C1380044A50542046BDE81040FD
:1053D0002021FBF7D5BC10BDD004002040000020E8
:1053E0000044004041542B43495053454E443D2511
:1053F000640D0A003E0000004950442C00000000EB
:1054000000080140312E2041540D0A0000380140AF
:105410004F4B000041540D0A00000000322E204383
:10542000574D4F44450D0A0041542B43574D4F44AF
:10543000453D310D0A000000332E2041542B4357C7
:10544000444843500D0A000041542B4357444843FD
:10545000503D312C310D0A00342E2043574A415023
:105460000D0A0000474F54204950000041542B437F
:10547000574A41503D22627269646765222C226B53
:105480006678777A736E30220D0A0000352E20453B
:1054900053503832363620496E6974204F4B0D0A0E
:1054A00000000000A0F14101192900D82030704708
:1054B00040EA01039B0703D009E008C9121F08C096
:1054C000042AFAD203E011F8013B00F8013B521E16
:1054D000F9D27047D2B201E000F8012B491EFBD28D
:1054E00070470022F6E710B513460A4604461946EF
:1054F000FFF7F0FF204610BD421E12F8013F002BBF
:10550000FBD111F8013B02F8013B002BF9D17047A8
:1055100030B505462A460B4612F8010B13F8014B2D
:1055200008B1A042F8D01CB1002802D06D1CF1E7F0
:10553000284630BDCAB2401E10F8011F8A4202D070
:105540000029F9D100207047421C10F8011B0029E6
:10555000FBD1801A704710B5044600E0401C037868
:10556000002BFBD100E0401C521E04D311F8013B7C
:105570000370002BF7D100210170204610BD0346B7
:1055800011F8012B00F8012B002AF9D118467047B9
:1055900030B505460020034600E05B1C934205D26F
:1055A000EC5CC85C201A01D1002CF6D130BD70B57E
:1055B000064600F061FC046805460A2200213046D8
:1055C00000F006FA2C6070BD2DE9FE4F804681EA9E
:1055D0000300C00F0C46009021F0004123F000456D
:1055E000B8EB0200A94105D24046214690461C4630
:1055F0000B46024623F00040104347D0270DC7F367
:105600000A00C3F30A510290401A019040286BDA55
:10561000C3F3130040F4801B0098924620B100238E
:10562000D2EB030A63EB0B0B01985946C0F1400221
:10563000504600F09CF906460D4650465946019AE0
:1056400000F0B4F910EB08006141002487EA115220
:1056500084EAE7731A4340D0009A62B3019A012AA0
:105660004FEA075215DC001B61EB02014FF00042CC
:1056700002EA0752CDE90042001C41F58011324692
:105680002B4600F0ECF903B0BDE8F08F4046214610
:10569000F9E7001B61EB0201001C41F580130018C3
:1056A0005B412018A2F5001747EB030140EAD570D3
:1056B000B6196D4111E06D084FEA360645EAC0752E
:1056C0004FEA0752001B61EB0201001C41F58011FB
:1056D00049084FEA30000019514132462B4603B0C9
:1056E000BDE8F04F00F0ACB9009801224000002363
:1056F000D0EB020263EBE073009821464FEAE074BE
:10570000B8EB000061EB0401E9E783F000435BE7DD
:1057100081F0004158E72DE9FE4F81EA030404F0CF
:10572000004421F0004100944FF0000B23F00043AF
:1057300050EA01045ED052EA03045BD0C3F30A547A
:10574000C1F30A552C44A4F2F3340194A0FB025493
:10575000C1F3130141F48011C3F3130343F4801325
:1057600001FB024400FB034E840A970A44EA815479
:1057700047EA8357A4FB076802958D0A05FB078556
:105780004FEA932C04FB0C542705029D4FEA065860
:1057900047EA1637B5EB08056EEB070C870E920E3D
:1057A00047EA811742EA8312A7FB0201B6EB0B011D
:1057B00064EB00042B0D43EA0C335E1844EB1C50E1
:1057C000DA465146E7FB0201C5F313044FEA0B33F7
:1057D00043EA14534FEA0432019C43EA0603A4F15E
:1057E0000C040294009CCDE900B400F038F903B039
:1057F000BDE8F08F00200146F9E70EB5C10F80EA41
:10580000E0700844CA07002140F233438DE80E00DF
:105810000A460B4600F023F903B000BD70B5C1F392
:105820000A5201F000450024C1F3130140F2FF3396
:1058300041F480119A4201DA002070BD40F23343F6
:105840009A42A2F2334203DC524200F09FF800E099
:1058500090402C43F1D0404270BD00F0004230F047
:1058600000400AD0C10D01F56071C0F3160042EA94
:105870000151C2084007114370470020014670479C
:1058800030B5041E71F1000404DB4FF000444042C7
:1058900064EB0101141E73F1000405DB1C464FF09C
:1058A0000043524263EB04038B4208BF824230BD87
:1058B00030B5041E71F1000404DB4FF00044404297
:1058C00064EB0101141E73F1000405DB1C464FF06C
:1058D0000043524263EB0403994208BF904230BD3B
:1058E00030B50B46014600202022012409E021FAB0
:1058F00002F59D4205D303FA02F5491B04FA02F5AD
:105900002844151EA2F10102F1DC30BD2DE9F05F43
:105910000546002092469B4688460646814640241E
:105920001BE0284641464746224600F02FF85346E2
:105930005A46C01A914110D311461846224600F02B
:1059400016F82D1A67EB01084F4622460120002168
:1059500000F00DF817EB00094E41201EA4F10104E0
:10596000DFDC484631462A464346BDE8F09F202A00
:1059700004DB203A00FA02F1002070479140C2F1A6
:10598000200320FA03F3194390407047202A04DBD8
:10599000203A21FA02F00021704721FA02F3D040A8
:1059A000C2F120029140084319467047202A06DBC5
:1059B000CB17203A41FA02F043EAE07306E041FADD
:1059C00002F3D040C2F120029140084319467047CB
:1059D0002DE9F04791460F4680460446002614F80C
:1059E000015B2DB100F03AF90068405DC007F6D1C7
:1059F0002B2D02D02D2D18D0641E4A463946204644
:105A000000F030F927B13968A14201D1C7F8008010
:105A100071054FF002040BD54042002803DD00F071
:105A20002BFA0460A007BDE8F08746F48066E4E73F
:105A30000028F8DA00F020FA04606FF00040F2E786
:105A400010B5141E73F1000408DA401C41F1000186
:105A500092185B411A4301D120F0010010BD2DE9DD
:105A6000F04D92469B4611B1B1FA81F202E0B0FAD4
:105A700080F220329046FFF77AFF04460F4640EA54
:105A80000A0041EA0B0153465A46084313D0114617
:105A900053EA010019D0C8F140025046FFF776FFE3
:105AA00005460E46504659464246FFF760FF0843FA
:105AB00005D0012004E020463946BDE8F08D0020E5
:105AC000054346EAE0762C4337430A986305E40A27
:105AD000A0EB08000022FD0A44EA47540A3002D530
:105AE00000200146E9E7010510196941DDE9084593
:105AF00000196941BDE8F04DA2E72DE9F04D81EABA
:105B0000030404F0004B21F0004514464FF0000A56
:105B100023F0004150EA050220D054EA01021DD0D2
:105B2000C5F30A570246C5F31303C1F31300C1F3CB
:105B30000A5640F4801543F48013A7EB0608101BA7
:105B4000D64608F2FD3873EB050002D308F10108D0
:105B500001E092185B41B8F1000F03DA0020014622
:105B6000BDE8F08D00204FF48011064684460EE01B
:105B7000171B73EB050705D3121B63EB05030643E5
:105B80004CEA010C49084FEA300092185B4150EA98
:105B90000107EDD152EA030012D082EA040083EA41
:105BA0000501084305D0101BAB4106D2012200239A
:105BB00006E000224FF0004302E06FF001025310B4
:105BC0001AEB06004CEB085110EB0A0041EB0B01FD
:105BD000BDE8F04DFFF734BF70B521F0004303433B
:105BE0000CD0C1F30A550024D5EB040564EB040383
:105BF000D617AD1AB34102DB0020014670BD201854
:105C000041EB025170BDC1F30A52C1F3130140F2DE
:105C1000FF3341F480119A4202DA002001467047B6
:105C200040F233439A42A2F2334202DC5242FFF77F
:105C3000ADBEFFF79CBE0000064C074D06E0E068D5
:105C400040F0010394E8070098471034AC42F6D3C3
:105C5000FAF772FA18940008389400080048704760
:105C6000CC9300082DE9F05F8246007800271546A6
:105C70008B460AF10104B946302801D09DB113E0EA
:105C800014F8010B0127782803D0582801D045B11A
:105C90000AE00DB1102D07D10027102514F8010BD3
:105CA00002E0082500E00A250026B0460EE005FBCC
:105CB000080005FB06F1012701EB10461FFA80F8EA
:105CC000B6F5803F00D3B94614F8010B294600F021
:105CD00069F80028EBDABBF1000F05D00FB1641EA4
:105CE00000E05446CBF80040B9F1000F06D000F0B8
:105CF000C3F802210160C81EBDE8F09F48EA0640D3
:105D0000FAE72DE9F04D00231A461B1A8A4103DBFE
:105D100000200146BDE8F08DC1F30A52C1F3130122
:105D200041F480154FF0000BD10702D100186D41EE
:105D3000521E0027044640F2FF11384601EB620A6A
:105D40003E468046024600204FF48011FFF71EFEBB
:105D5000C2197141BB1846EB0100B4EB030C75EBA3
:105D6000000C04D3E41A65EB000517460E4624190F
:105D700008F101006D4180463428E3DDF91946EB56
:105D80000600091BA84103D24FF0FF32134601E081
:105D9000002213461BEB070046EB0A51BDE8F04D0D
:105DA000FFF74EBE3A2800D2303820F02002412AB8
:105DB00001D3A2F13700884201D34FF0FF30704782
:105DC0000FB47CB50C0009AD01D0611E00E00021CC
:105DD000CDE90001064B6A462946089800F09EF975
:105DE000002C02D0009A002111707CBC5DF814FBDD
:105DF000236800080FB4084B10B504A902AA039841
:105E000000F08CF9044602A9002000F015FD2046A0
:105E100010BC5DF814FB0000396800087CB50C006C
:105E20001D461646014601D0601E00E00020CDE967
:105E30000010064B6A462946304600F06FF9002CE8
:105E400002D0009A002111707CBD00002368000878
:105E5000490050EAC12018BF04204A0D18BF40F085
:105E6000010040F2FF72B2EB515F08BF40F0020048
:105E7000012808BF05207047004870474C000020EB
:105E80002DE9F0414F1E00EBC7010446D1E90001A6
:105E900015461E4637F006020DD02A463346FFF758
:105EA0003AFC7F1E04EBC703D3E90023FFF78CFB0A
:105EB00037F00602F1D1022F25D0042F13D0062F80
:105EC00018BFBDE8F0812A463346FFF724FCD4E929
:105ED0000A23FFF779FB2A463346FFF71CFCD4E977
:105EE0000823FFF771FB2A463346FFF714FCD4E979
:105EF0000623FFF769FB2A463346FFF70CFCD4E97B
:105F00000423FFF761FB2A463346FFF704FCD4E97C
:105F10000223FFF759FB2A463346FFF7FCFBD4E97F
:105F20000023BDE8F041FFF74FBB000000221346FD
:105F300010460149FFF7E1BD0000F03FFFF744BB09
:105F40000022134610461146FFF7D7BD40F201323A
:105F500000204FF0E041FFF73FBE0000024A002062
:105F60001107FFF739BE000001FDFFFF02E008C87E
:105F7000121F08C1002AFAD170477047002001E0C3
:105F800001C1121F002AFBD17047000001490860BF
:105F9000704700004C0000202DE9FF5F82B0002117
:105FA000DDE90430020DDDF840B0034318D044F6BB
:105FB0001050A2F2FF3242431514119801281FD04D
:105FC000A5EB0B00401C5FEA000A4FF000064E4FA5
:105FD000DFF83891B046504615D5CAF1000413E0F9
:105FE000119801244AA3012801D16FEA0B010298FC
:105FF000119AC0E90031C0E9024206B0BDE8F09F45
:10600000CBF10000DFE704460021404A491842EB8B
:106010000450CDE9001012E0E00707D032463B46BD
:1060200040464946FFF777FB8046894632463B4665
:1060300010461946FFF76FFB06460F466410002C0A
:10604000EAD1DDE90401DDE90023BAF1000F06DA47
:10605000FFF761FB42464B46FFF75DFB05E0FFF7AC
:106060004CFD42464B46FFF748FD04460E460022D3
:10607000284BFFF71DFC03D84FF0FF30014607E027
:106080000022254B20463146FFF79EFAFFF7BBFD65
:10609000102409E0002C0ADB0A220023FFF736FC5B
:1060A000039B30321A55641E50EA0102F2D1641C7F
:1060B000039AC4F111031444119A012A03D0012256
:1060C00008430DD10AE0084304D000204FF0110B23
:1060D000119072E7A3EB0B056D1E0DE05B4504DD2F
:1060E0004FF0000205F1010504E003DA4FF0000271
:1060F000A5F10105002AECD002981199C0E90231FE
:10610000C0E9004579E70000000014400000F03FBE
:10611000300000000000F0430000E03F2DE9FF4F99
:1061200095B09A46884606460025EEE1252877D1A7
:1061300000242746F94A0121039400E0044316F89D
:10614000013F203B01FA03F01042F7D130782A28B2
:1061500011D06FF02F033078A0F13002092A16D841
:10616000039A44F0020402EB820203EB4202104461
:10617000761C0390EFE758F8042B0392002A03DA09
:10618000504244F40054039044F00204761C3078EA
:106190002E2816D116F8010F44F004042A280DD039
:1061A0006FF02F023078A0F13003092B09D807EBEC
:1061B000870302EB4303C718761CF3E758F8047B08
:1061C000761C30786C280FD006DC4C2817D0682855
:1061D0000DD06A2814D104E0742810D07A280FD189
:1061E0000DE044F400140AE044F4801401E044F4A7
:1061F00040147278824202D104F58014761C761C19
:10620000307866280BD013DC582877D009DC0028BA
:1062100075D04528F6D04628F4D047281AD193E106
:1062200018E0632835D0642879D0652812D18BE135
:10623000702873D008DC6728F1D069286FD06E28E9
:106240000DD06F2806D1ACE073282CD0752874D0FF
:10625000782853D05246179990476D1C54E1C4F3E7
:106260000250022809D003280DD0D8F800100428C5
:106270000DD00D6008F1040846E1D8F80010EA17C7
:10628000C1E90052F6E7D8F800100D80F2E70D7072
:10629000F0E718F8041B8DF8001000208DF80100BD
:1062A000EB46012003E058F804BB4FF0FF306107D4
:1062B0004FF0000102D40DE009F101018946B94215
:1062C0000FDA8145F8DB1BF809100029F4D108E04A
:1062D00009F1010189468142FADB1BF80910002906
:1062E000F6D103985346A0EB090721463846179A82
:1062F00000F080FA284400EB090507E044E008E1DB
:106300000DE01BF8010B524617999047B9F10109AE
:10631000F7D2534621463846179AF2E039E00A216F
:10632000C4F302524FF0000B0091022A06D058F835
:10633000040BC117032A09D00AE023E008F1070083
:1063400020F00702F2E80201904605E000B2C11712
:10635000042A01D140B2C117002906DA0A460021F9
:10636000404261EB02012D2202E0220504D52B22DE
:106370008DF80420012203E0E20701D02022F7E794
:10638000914657E00A2100E010214FF0000B0091E8
:106390000BE010214FF0000B44F00404082700919B
:1063A00003E008204FF0000B0090C4F30252022AD1
:1063B00005D058F8040B0021032A08D008E008F1A2
:1063C000070020F00702F2E80201904603E080B2E5
:1063D000042A00D1C0B24FF0000922072AD5327832
:1063E000702A07D0DDF800C08CF0100C5CEA0B0CB2
:1063F00005D00EE040228DF80420012208E050EA8A
:10640000010306D030238DF804308DF805200222D8
:106410009146009B83F0080353EA0B030AD150EA2C
:10642000010201D1620705D530228DF804204FF01A
:1064300001097F1E3278582A04D039A20C920CAA86
:1064400002920BE03BA2F9E75B46009AFFF75EFA87
:106450000C9B9B5C029A521E0292137050EA01023E
:10646000F2D1029804A9081A00F1200B600702D5A6
:1064700024F4803400E001275F4502DDA7EB0B0028
:1064800000E0002000EB0B01009003984944401A03
:106490000390E00306D453462146179A039800F070
:1064A000A9F90544002706E001A85246C05D1799E6
:1064B00090476D1C7F1C4F45F6DBE0030CD553461F
:1064C0002146179A039800F095F9054404E030201E
:1064D0005246179990476D1C0099481E009000295C
:1064E000F5DC08E00298029952460078491C0291B6
:1064F000179990476D1CBBF10001ABF1010BF1DC6A
:106500005BE100F065F90544761C307800287FF4E3
:106510000DAE19B02846BDE8F08F00000928010033
:106520003031323334353637383961626364656609
:1065300000000000303132333435363738394142CB
:106540004344454600000000600700D4062708F1D8
:10655000070020F00700F0E80223804603F0004C1B
:106560005FEA0C0001D097A009E0200501D596A0B4
:1065700005E0E00701D095A001E0AFF24C001390D8
:10658000307823F0004365280CD006DC452809D07C
:1065900046281DD047287FD13BE0662818D06728C1
:1065A0007AD136E00021112F01DB112000E0781CA8
:1065B000CDE9000104A90CA8FFF7EEFCDDE90D010F
:1065C0000C9A4FF0000B07F10109109200914EE078
:1065D0004FF000400097CDE9011004A90CA8FFF787
:1065E000DBFCDDE90D020C9B0F994FF0000B91468F
:1065F0001093009211B9791C00EB0109B7EB090067
:1066000003D4C0F1FF3B07F10109A9EB070001909A
:1066100042E0012F00DA01270021112F01DD1120B6
:1066200000E03846CDE9000104A90CA8FFF7B4FC4E
:10663000DDE90D010C9A00914FF0000BB946109264
:1066400021070FD4009A4A4503DA914601E0A9F1E7
:106650000109B9F1010F05DD109AA9F10101515CA1
:106660003029F4D0B84202DA10F1040F03DA012124
:10667000CDE9011010E0002803DC8344A9EB000100
:1066800002E0411C494500DD8946A0EB0B00401C9F
:1066900001904FF000400290200705D40198484532
:1066A00002DB4FF0FF30019000208DF84B00029884
:1066B0000DF14B07B0F1004F25D002200C902B209C
:1066C0000D90029800280CDA404202902D200D9087
:1066D00007E00A210298FFF703F93031029007F82A
:1066E000011D0C99481E0C900029F2DC029800282C
:1066F000EFD1791E0D980870307800F0200040F03E
:10670000450007F8020D11A8C01BC01D0290139888
:10671000007800B1012000EB0901019801EBE07164
:10672000029801440398401A401E0390E00306D4E7
:1067300053462146179A039800F05CF805441398D5
:10674000007818B15246179990476D1CE00323D585
:1067500053462146179A039800F04CF805441BE075
:10676000BBF1000F07DB0098584504DD109817991E
:1067700010F80B0001E0179930205246904701981D
:106780000BF1010B401E05F10105019004D12E20F3
:106790005246179990476D1CB9F10001A9F1010902
:1067A000DEDC05E017F8010B5246179990476D1C87
:1067B0000299481E02900029F4DC53462146179A9C
:1067C00003989EE62D0000002B0000002000000032
:1067D0002DE9F041044600251E461746880404D4DE
:1067E00005E039462020B0476D1C641EF9D52846C7
:1067F000BDE8F0812DE9F041044600251E46904693
:10680000C80301D5302700E02027880404D505E01F
:1068100041463846B0476D1C641EF9D52846BDE890
:10682000F0814A68002A06D00A68531C0B60107079
:106830004868401E486070470A68531C0B6010701F
:10684000704700002DE9F041C1F30A52A2F2FF3671
:106850002F4A304B0D460446142E2FDA002E12DA42
:10686000FEF7B2FE00221346FFF722F84CD2002DAD
:10687000A4BF0024254647DA25F00040204318BF76
:10688000254D41D018E0DFF894C02CFA06F705EA50
:10689000070C5CEA040C08BFBDE8F081FEF794FE2B
:1068A00000221346FFF704F82ED2002D03DA4FF42E
:1068B0008010F0400544BD43002425E0332EC8BFBE
:1068C000BDE8F081A6F1140C4FF0FF3727FA0CF762
:1068D0003C4208BFBDE8F081FEF71AFF00221346D4
:1068E000FEF7E6FF10D2002D0DDA142E08BF6D1C46
:1068F00009D0C6F13400012101FA00F02044A04281
:1069000038BF6D1C0446BC4329462046BDE8F081D3
:106910009C7500883CE4377E0000F0BFFFFF0F004D
:1069200010B5002821D0114B0022001F196803E088
:10693000814203D80A4649680029F9D152B1136847
:10694000841A9C4204D1006818441060104602E08A
:10695000506000E0186039B102680B1A934203D10D
:106960000B681A4402604968416010BD4400002071
:10697000F0B50B30154D20F007010024144A0FE04C
:1069800003688B420BD38B4205D95E1A43184768C4
:10699000C3E9006700E04368136002C004E0021D21
:1069A00010680028ECD12046002802D1286808B1E0
:1069B0000020F0BD064A07481060074A121A22F06C
:1069C0000702C0E9002401202860D7E74800002022
:1069D00044000020D4060020D01200202DE9F04D04
:1069E0001D460C4698B0174621F0004123F00043A5
:1069F000002814BF4FF0010C4FF0000C0CEB440CBE
:106A0000FE4A0CEB02064FEA620C66452BD33E00B1
:106A100018BF012606EB45061644F94A964222D3D2
:106A2000F84A53EA070C02D0944205D148B918B08D
:106A300000201146BDE8F08D002808BF4FF0000C83
:106A400001D04FF0010C0CEB440212F5001F0AD8E4
:106A5000002F14BF4FF0010C4FF0000C0CEB45025F
:106A600012F5001F07D918B03A462B462146BDE85B
:106A7000F04DFFF763BA0022DFF88CA3002CB8BFFB
:106A8000534526DADFF884C36345A8BF022220DA23
:106A9000DFF870C39C451CDCDFF874C30CEB235C8F
:106AA000BCF1140F08DDCCF1340627FA06FC0CFA11
:106AB00006F6BE420DD108E05FB9CCF1140623FA08
:106AC00006FC0CFA06F69E4203D10CF00102C2F15C
:106AD000020251EA000C19D1002D17DA002C18BF60
:106AE000022A01D0012A07D00220FFF74FFA18B07E
:106AF000BDE8F04DFFF71ABA0220FFF747FAFFF79B
:106B000015FA18B081F00041BDE8F08DB7F1000C26
:106B10006CD1534525D104F1804212F5801201BF9A
:106B200000280020B74918B008BFBDE8F08DB5486F
:106B3000884207DC002DA1BF6046294618B0BDE899
:106B4000F08D07E0281E05DA80F0004118B060469D
:106B5000BDE8F08DAF497944D1E9000118B0BDE836
:106B6000F08DDFF8A0C2634525D1002D1FDA19B1E1
:106B7000514512D1D8B909E0002840F0EC82A24A70
:106B8000214618B062F31E01BDE8F08D00202146B9
:106B900018B060F31E01BDE8F08D08DA18B0234686
:106BA000BDE8F04D024600206146FEF7A6BF18B0D2
:106BB0002146BDE8F08D514518DAB5F1804F0DD072
:106BC000A5F1005CBCF1FF5C10D1B4F1000C0DDB51
:106BD00018B06146BDE8F04D00F0ECBB234618B09C
:106BE0000246BDE8F04D1946FEF795BD060024F0BB
:106BF000004C3BD1D9B1514533D1002C06DD002DDD
:106C0000A1BF0020514618B0BDE8F08D002C01DD79
:106C1000002D1BDB002C13DA002D11DB012A4FF0B5
:106C2000000014BF78497C4918B0BDE8F08D022AF5
:106C300018BF002C0AD0012A08D1002C06DA0AE07D
:106C4000002CB8BF002D11DA012A04D0002018B0A2
:106C50000146BDE8F08D18B000204FF00041BDE8BE
:106C6000F08DA1F14050B0F17F601AD0012000EB0F
:106C7000E47050EA020421D0624C521E4FF0000B27
:106C8000104304BF4FF0000B644C654883427CDD29
:106C9000644A654893421FDD884217DB002D25DBDF
:106CA00037E0002C00DA4AB1022A0CBF01204FF075
:106CB000FF3018B0BDE8F04DFEF79FBD0120FFF793
:106CC00065F918B0BDE8F04DFFF73AB94D4A8A4270
:106CD00002DC002D0ADC1CE0814202DA002D18DA09
:106CE00004E0484B994220DD002D12DD0220FFF721
:106CF0004DF9FFF72BF905460E460022534658463C
:106D00002146FEF708FD18B066F31E012846BDE8CF
:106D1000F08D0220FFF73AF9FFF720F90A462146E5
:106D200018B062F31E01BDE8F08D002230466146C6
:106D3000FEF7EBFC80460E466FF00102FEF74CFFBB
:106D40004FF05532394BFEF7E3FC42463346FEF72F
:106D5000E2FC0022364BFEF7DBFC8246424633461D
:106D6000049110461946FEF7D6FC5246049BFEF7E6
:106D7000D2FC8A4600904FF0C0422E4B404631462E
:106D8000FEF7C9FC2C4A2B4B00E027E0CDE90601B9
:106D900051460098FEF7BFFC82460191274A284BD6
:106DA00040463146FEF7B7FC5246019BFEF7ADFC6C
:106DB00082460B4602460591DDE90601FEF704FC1A
:106DC000DDE90623002688463046FEF79EFC524643
:106DD000059BFEF79DFC024600F07EB90020B1F550
:106DE000801F07DA352230466146FEF7F5FE06467B
:106DF0006FF0340000EB215024E00000FFFF1F0083
:106E0000FFFF0F000000F03F0000F07F0000404354
:106E100001FCFFFFE62700000000F0FF0000F0BFCC
:106E20000000E0410000F043FFFFEF3F5555D53F24
:106E30000000E03F4715F73FFE822B6544DF5DF819
:106E40000BAE543EA0F2FF300190C1F3130040F0AE
:106E50007F6141F040510291FE498842D8BF002035
:106E600004DDFD498142C8BF012001DD0D9008E02D
:106E700000200D900198401C01900298A0F5801010
:106E800002900299F54878440B910D9900EBC100EE
:106E9000D0E900230F9330460A920B99FEF735FC98
:106EA000CDE90601DDE90A2130460F9BFEF78CFB98
:106EB00002460B460020EA49FEF71FFE05910246F6
:106EC0000B460090DDE90601FEF725FC1490E5482D
:106ED0008A464FF0000878440299006812904FF0FB
:106EE000005040EA61010D980F9B01EB804000F5D6
:106EF000002109910A9A1298FEF707FC32460B9B73
:106F0000FEF706FC42465346FEF705FC0646029194
:106F100040465146099B129AFEF7FDFBDDE9062328
:106F2000FEF7F6FB3246029BFEF7EFFB059B009A4D
:106F3000FEF7F1FB0091149A04905346104619464F
:106F4000FEF7E9FB06460246C7480B4602910621BA
:106F50007844FEF795FFCDE90510029B32461046B6
:106F60001946FEF7D8FBDDE90532FEF7D4FB0591A3
:106F70000646534640461946149AFEF725FB009BE9
:106F8000049AFEF7C8FB3246059BFEF71DFBCDE9D0
:106F900005104246534610461946FEF7BCFB002238
:106FA000B24B02910A90FEF70FFBDDE90532FEF7C6
:106FB0000BFB0E464246AD4B4046FEF7A6FB029B3E
:106FC0000A9AFEF7A2FBDDE90532FEF7A1FB424675
:106FD00002910A90334610465146FEF79CFBCDE9DC
:106FE00006015346149A02990A98FEF794FB8A46C2
:106FF00002903346424600990498FEF78CFB5346B4
:10700000029AFEF7E1FA82460B4602460591DDE957
:107010000601FEF7D9FADDE9062300208846064678
:10702000FEF773FB5246059BFEF772FB8246099101
:107030004FF060428E4B30464146FEF76CFB0490A9
:1070400006918C4A8A4B50460999FEF764FB8246AA
:107050000291894A894B30464146FEF75CFB524615
:10706000029BFEF7B1FA864B7B440D9A03EBC203F9
:10707000D3E90023FEF7A8FA0E9007910198FEF7D6
:10708000BCFB0591DDE9061382460E9A0498FEF7D3
:107090009BFA7C4A7A440D9B02EBC303D3E900239D
:1070A00000930292FEF790FA5246059BFEF78CFA87
:1070B0000026884652463046059BFEF726FB009B7D
:1070C000029AFEF722FB069B049AFEF71EFB079B23
:1070D0000E9AFEF71DFB024600200B460290384632
:1070E0002946FEF718FB824601912B463846194681
:1070F000029AFEF70AFB32464346FEF70CFB524665
:10710000019BFEF761FA07468A4632464346294606
:107110000298FEF700FB05460E463A465346FEF738
:1071200053FA594A8846914221DBA8EB020353EAFD
:10713000000210D12A463346FEF7E7FACDE90401F2
:10714000524A534B38465146FEF73EFADDE90423D6
:10715000FEF7AEFB21D20220FEF718FFFEF7F6FE87
:107160000A46214618B062F31E01BDE8F08D494B76
:1071700028F000429A4210D3474A08EB020353EA30
:1071800000027FF4C6AD2A463346FEF7BEFA3A4601
:107190005346FEF78DFB7FF6BCAD0022019228F02E
:1071A00000403E493E4A01EB2051824223DA481C0E
:1071B0004FF4801121FA00F040443A4AC0F30A51DA
:1071C0007A44394BA1F2FF31CB4020EA0303C0F3EC
:1071D000130040F48010C1F11401C84012680190FE
:1071E000B8F1000FBCBF4042019028463146FEF77F
:1071F0008CFA05460E462A46334638465146FEF777
:10720000E3F94FF000084246284B40460591FEF74F
:1072100082FACDE90601264A264B40460599FEF73B
:107220007AFA009102902A46334640460599FEF7C5
:107230006CFA3A465346FEF76BFA1F4A1F4BFEF7AD
:107240006AFA009B029AFEF7BFF907468846024693
:107250000B4635E08E9803007AB60B002E24000012
:107260000000F03F66240000942300000000084066
:1072700009C7EE3FFD033ADCF5015B14E02F3EBE8B
:107280006C2200003022000000009040FE822B653E
:107290004715973C00CC904000346F3F01FCFFFF46
:1072A0000000E03F7C210000FFFF0F00432EE63F7F
:1072B000396CA80C615C20BEEF39FAFE422EE63F25
:1072C000DDE90601FEF780F9DDE9062305460E46F5
:1072D000FEF71BFA3A464346FEF71AFA0F462A46CD
:1072E0003346009010461946FEF715FA82460246CC
:1072F0002E4888460B4605217844FEF7C1FD5246CC
:107300004346FEF708FA2A463346FEF701FA80465E
:107310008A463B4628463146009AFEF7FCF93B4632
:10732000009AFEF751F90691009000224FF0804339
:1073300040465146FEF7E9F90F460C904246534647
:1073400028463146FEF7E7F93B460C9AFEF7D5FB97
:10735000069B009AFEF7D9F92A463346FEF7D5F97F
:107360000022134BFEF7D4F9054601980E4601EBB7
:1073700000510815002810DC28463146019AFEF716
:107380002BFCFEF765FD042808BFFEF7E7FD284645
:107390003146019AFEF720FC05460B4618B02A46F6
:1073A00058462146BDE8F04DFEF7B5B91C20000057
:1073B0000000F03F2DE9F04106460F46FEF7A1FC24
:1073C000041E0D4618BF0120284320F00040C0F1E4
:1073D0007F6000F1E040C00F0ED0301C18BF0120CC
:1073E000384320F00040C0F17F6000F1E040C00F62
:1073F00004BF0120FEF7CAFD20462946BDE8F08102
:107400000000000000000000002F00000000070046
:10741000070000147F147F1400242A7F2A120062C0
:10742000640813230036495522500000050300006C
:1074300000001C224100000041221C000014083EF4
:1074400008140008083E0808000000A060000008BA
:10745000080808080000606000000020100804020E
:10746000003E5149453E0000427F400000426151CC
:107470004946002141454B31001814127F10002766
:1074800045454539003C4A49493000017109050329
:1074900000364949493600064949291E000036365A
:1074A00000000000563600000008142241000014BD
:1074B000141414140000412214080002015109069A
:1074C00000324959513E007C1211127C007F49491B
:1074D0004936003E41414122007F4141221C007F4C
:1074E00049494941007F09090901003E4149497A5A
:1074F000007F0808087F0000417F410000204041D4
:107500003F01007F08142241007F40404040007F3F
:10751000020C027F007F0408107F003E4141413E83
:10752000007F09090906003E4151215E007F0919CB
:1075300029460046494949310001017F0101003FC8
:107540004040403F001F2040201F003F4038403F48
:1075500000631408146300070870080700615149AC
:10756000454300007F41410000552A552A5500003F
:1075700041417F00000402010204004040404040BD
:10758000000001020400002054545478007F484455
:10759000443800384444442000384444487F00388C
:1075A0005454541800087E0901020018A4A4A47CB5
:1075B000007F080404780000447D4000004080847F
:1075C0007D00007F102844000000417F4000007CC7
:1075D00004180478007C08040478003844444438D3
:1075E00000FC242424180018242418FC007C08041F
:1075F000040800485454542000043F444020003CF8
:107600004040207C001C2040201C003C4030403C7E
:10761000004428102844001CA0A0A07C004464540E
:107620004C44141414141414000000000000000052
:10763000000000000000FC0000000000020000004C
:10764000000C020C020000000000000090D0BCD032
:10765000BC900003000300001824FE448C000302C9
:10766000070201001824D8B04C8000030001020179
:10767000C038E438E00001020201020208060000FE
:107680000000000000000000000000F804020000FC
:1076900000010204000204F80000000402010000DE
:1076A0009060F86090000000010000002020FC20A5
:1076B000200000000100000000000000000008069B
:1076C000000000002020202020000000000000001A
:1076D0000000000000000002000000000080601CAC
:1076E0000200040300000000F8040404F800010292
:1076F000020201000008FC0000000002030200007A
:1077000018844424180003020202020008042424FE
:10771000D80001020202010040B088FC8000000095
:10772000000302003C242424C400010202020100E0
:10773000F824242CC0000102020201000C04E41C05
:107740000400000003000000D8242424D800010213
:107750000202010038444444F80000030202010020
:1077600000001000000000000200000000002000E7
:107770000000000006000000002050880402000005
:107780000000010290909090900000000000000026
:107790000002048850200002010000001804C424E4
:1077A0001800000002000000F804E494F800010250
:1077B0000202020000E09CF08000020300000302CD
:1077C00004FC2424D800020302020100F80404048B
:1077D0000C0001020202010004FC0404F800020390
:1077E0000202010004FC24740C00020302020300E4
:1077F00004FC24740C00020302000000F00804449E
:10780000CC4000010202010004FC2020FC04020321
:10781000000003020404FC0404000202030202004C
:10782000000404FC040406040403000004FC24D047
:107830000C0402030200030204FC04000000020323
:1078400002020203FC3CC03CFC00030003000300F6
:1078500004FC30C4FC04020302000300F804040426
:10786000F80001020202010004FC242418000203B3
:1078700002000000F8848404F800010202070500F9
:1078800004FC246498000203020003021824244428
:107890008C000302020201000C04FC040C00000234
:1078A0000302000004FC0000FC04000102020100CD
:1078B000047C80E01C040000030000001CE03CE0AD
:1078C0001C00000300030000049C609C04000203F1
:1078D00000030200041CE01C04000002030200007C
:1078E0000C84641C04000203020203000000FE0278
:1078F0000200000007040400000E30C00000000079
:1079000000010200000202FE000000040407000063
:10791000000402040000000000000000000000005D
:107920000000080808080808000002000000000025
:10793000000000000040A0A0C000000102020302FD
:1079400004FC2020C00000030202010000C020202F
:10795000600000010202020000C02024FC000001BF
:107960000202030200C0A0A0C00000010202020047
:107970000020F82424040002030202000040A0A01A
:10798000602000070A0A0A0404FC2020C000020349
:10799000020003020020E4000000000203020000D5
:1079A000000020E4000008080807000004FC80E054
:1079B00020200203020003020404FC000000020273
:1079C00003020200E020E020C000030003000300E7
:1079D00020E02020C00002030200030200C020209B
:1079E000C00000010202010020E02020C000080FBA
:1079F0000A02010000C02020E0000001020A0F0876
:107A000020E0402020000203020000000060A0A04F
:107A100020000002020203000020F8200000000005
:107A20000102020020E00020E00000010202030247
:107A300020E0208060200000030100006080E080E2
:107A4000600000030003000020608060200002034B
:107A50000003020020E020806020080807010000E9
:107A60000020A0602000000203020200000020DECF
:107A70000200000000070400000000FF00000000FA
:107A8000000F00000002DE200000000407000000DC
:107A900002010204040200000000000000000000D7
:107AA000000000000000000000000000000000F8DE
:107AB00000000000000000333000000000100C0641
:107AC000100C0600000000000000000040C07840DC
:107AD000C0784000043F04043F040400007088FCA8
:107AE00008300000001820FF211E0000F008F00000
:107AF000E018000000211C031E211E0000F0088871
:107B0000700000001E2123241927211010160E00DA
:107B1000000000000000000000000000000000E085
:107B2000180402000000000718204000000204189A
:107B3000E00000000040201807000000404080F0F6
:107B4000804040000202010F01020200000000F02C
:107B5000000000000101011F010101000000000000
:107B60000000000080B07000000000000000000075
:107B700000000000000101010101010100000000FE
:107B80000000000000303000000000000000000095
:107B900080601804006018060100000000E0100872
:107BA0000810E000000F102020100F00001010F847
:107BB000000000000020203F202000000070080886
:107BC0000888700000302824222130000030088806
:107BD000884830000018202020110E000000C0202E
:107BE00010F8000000070424243F240000F808884F
:107BF000880808000019212020110E0000E01088DC
:107C000088180000000F112020110E00003808080D
:107C1000C83808000000003F00000000007088081D
:107C200008887000001C222121221C0000E010089E
:107C30000810E0000000312222110F00000000C0F7
:107C4000C000000000000030300000000000008094
:107C50000000000000008060000000000000804084
:107C6000201008000001020408102000404040409D
:107C700040404000040404040404040000081020F0
:107C80004080000000201008040201000070480835
:107C90000808F0000000003036010000C030C8289D
:107CA000E810E0000718272423140B000000C03858
:107CB000E0000000203C23020227382008F88888D2
:107CC00088700000203F202020110E00C0300808DE
:107CD00008083800071820202010080008F80808B5
:107CE0000810E000203F202020100F0008F88888AE
:107CF000E8081000203F20202320180008F888887A
:107D0000E8081000203F200003000000C0300808F1
:107D10000838000007182020221E020008F808007A
:107D20000008F808203F210101213F20000808F841
:107D3000080800000020203F202000000000080864
:107D4000F8080800C08080807F00000008F888C024
:107D500028180800203F20012638200008F80800D5
:107D600000000000203F20202020300008F8F8000C
:107D7000F8F80800203F003F003F200008F830C01E
:107D80000008F808203F200007183F00E01008080E
:107D90000810E0000F10202020100F0008F808083D
:107DA0000808F000203F210101010000E010080850
:107DB0000810E0000F18242438504F0008F8888875
:107DC00088887000203F2000030C30200070880855
:107DD000080838000038202121221C00180808F863
:107DE000080818000000203F2000000008F80800E4
:107DF0000008F808001F202020201F0008788800B5
:107E000000C83808000007380E010000F80800F824
:107E10000008F800033C0700073C030008186880CE
:107E20008068180820302C03032C30200838C80044
:107E3000C83808000000203F200000001008080893
:107E4000C83808002038262120201800000000FE35
:107E5000020202000000007F40404000000C30C0E1
:107E600000000000000000010638C000000202020D
:107E7000FE000000004040407F00000000000402BF
:107E800002020400000000000000000000000000EA
:107E900000000000808080808080808000020204DA
:107EA00000000000000000000000000000008080D2
:107EB000808000000019242222223F2008F8008040
:107EC00080000000003F112020110E000000008003
:107ED00080800000000E1120202011000000008092
:107EE0008088F800000E112020103F2000008080C4
:107EF00080800000001F222222221300008080F0D8
:107F0000888888180020203F202000000000808002
:107F100080808000006B94949493600008F8008047
:107F200080800000203F210000203F2000809898A2
:107F3000000000000020203F202000000000008002
:107F40009898000000C08080807F000008F8000042
:107F500080808000203F24022D302000000808F897
:107F6000000000000020203F202000008080808052
:107F700080808000203F20003F20003F80800080E4
:107F800080800000203F210000203F2000008080F2
:107F900080800000001F202020201F0080800080A3
:107FA0008000000080FFA12020110E000000008052
:107FB00080808000000E112020A0FF808080800043
:107FC0008080800020203F21200001000000808070
:107FD000808080000033242424241900008080E065
:107FE000808000000000001F202000008080000032
:107FF00000808000001F202020103F208080800013
:108000000080808000010E30080601008080008022
:10801000008080800F300C030C300F000080800047
:10802000808080000020312E0E3120008080800072
:108030000080808080818E70180601000080808022
:10804000808080000021302C2221300000000000C0
:10805000807C020200000000003F40400000000061
:10806000FF00000000000000FF0000000002027C92
:10807000800000000040403F0000000000060101B9
:1080800002020404000000000000000000000000E4
:1080900000000000000000000000000000000000E0
:1080A00000000000000000000000000000000000D0
:1080B0000000000000F0F0F00000000000000000F0
:1080C00000017F010000000000000000001C1C1CDB
:1080D0000000000000008060301C8C60301C0C0030
:1080E0000000000000000000000000000000000090
:1080F0000000000000000000000000E000000000A0
:1081000000E000000086E69F86868686E69F860061
:1081100000011F01010101011F010100000080C0D9
:108120006020F820E0C00000000003070C18FF707A
:10813000E18100000000070F10107F100F07000002
:108140008060206080000000E02000000F302030C0
:108150009F70DC371030C0000000100E03000718BD
:10816000101807000000C02020E0C0000000000040
:1081700080E01F38E88703C43C040000070F181094
:10818000100B070D1010080000808C4C3800000008
:1081900000000000000000000000000000000000DF
:1081A00000000000000000000000000000000000CF
:1081B000000080E0300804000000000000FEFF0125
:1081C00000000000000000000000030F1820400025
:1081D00000040830E0800000000000000000000003
:1081E00001FFFE0000000000004020180F03000007
:1081F00000000000000000000000C00000000000BF
:10820000004266663C18FF183C66664200000000AB
:1082100000000300000000000000000000008000DB
:1082200000000000001010101010FF1010101010AF
:10823000000000000000030000000000000000003B
:10824000000000000000000000000000000000002E
:108250000000000000808C4C38000000000000008E
:1082600000000000000000000000000000101010DE
:10827000101010101010100000000000000000008E
:1082800000000000000000000000000000000000EE
:1082900000000000000000000000000000001C1CA6
:1082A0001C000000000000000000000000000000B2
:1082B000E0380C000000000080701C03000000008B
:1082C0000060380E0100000000000000000080C0C7
:1082D00060202060C080000000FEFF010000000060
:1082E00001FFFE000001070E181010180E07010014
:1082F0000000808080C0E00000000000000000005E
:1083000000FFFF000000000000001010101F1F10F1
:10831000101000000080402020202060C08000005D
:1083200000030300804020381F070000001C1A19BA
:1083300018181818181F00000080C020202060C0E6
:1083400080000000000303001010182FE7800000D9
:1083500000070F10101010180F0700000000000099
:108360000000C0E0F000000000C0B088868180FFFF
:10837000FF808000000000000010101F1F10100080
:108380000000E060606060606060000000003F101E
:1083900008080818F0E0000000070B101010101C6F
:1083A0000F030000000080C040202020E0C000003B
:1083B00000FCFF211008080818F0E0000001070C7D
:1083C00018101010080F03000000C0E0606060602B
:1083D00060E06000000003000000E01807000000FB
:1083E00000000000001F1F00000000000080C060AF
:1083F0002020202060C080000087EF2C181830302B
:1084000068CF830000070F0810101010180F070026
:108410000000C0C020202020C0800000001F3F605E
:108420004040402010FFFE0000000C1C10101008FF
:108430000F0300000000000000000000000000002A
:1084400000000000000E0E0E000000000000000002
:10845000001C1C1C000000000000000000000000C8
:108460000000000000000000000C0C0000000000F4
:10847000000000000058380000000000000000006C
:1084800000000080402010000000102844820100FD
:1084900000000000000000000000010204081000BD
:1084A0000000000000000000000000000084848440
:1084B0008484848484848400000000000000000020
:1084C00000000000000010204080000000000000BC
:1084D0000000000000000182442810000000100885
:1084E000040201000000000000C020201010101045
:1084F00030E0C0000003030000F010080C07030088
:10850000000000001C1C1C0000000000000000C057
:10851000406020202040C00000FCFF01F00E03C19D
:10852000FE03807F0001070E0811111011090402DB
:108530000000000080E0E000000000000000807CFF
:108540004340477FF880000010181F100000000013
:10855000131F1C1020E0E02020202060C0800000BD
:1085600000FFFF10101010182FE78000101F1F10C1
:1085700010101010180F0700000080C040202020AD
:108580002060E00000FCFF0100000000000001008E
:108590000001070E181010100804030020E0E0206E
:1085A00020202040C080000000FFFF0000000000ED
:1085B00001FFFE00101F1F10101018080E07010009
:1085C00020E0E020202020202060800000FFFF101D
:1085D0001010107C00000000101F1F101010101051
:1085E0001018060020E0E02020202020606080009D
:1085F00000FFFF101010107C00000100101F1F1062
:108600000000000000000000000080C0602020206A
:1086100040E0000000FCFF0100004040C0C14040BD
:108620000001070E181010100F0F000020E0E020CE
:108630000000000020E0E02000FFFF1010101010EC
:1086400010FFFF00101F1F1000000000101F1F1060
:108650000000202020E0E02020200000000000009A
:1086600000FFFF000000000000001010101F1F108E
:108670001010000000000000202020E0E02020205A
:1086800000000000000000FFFF0000000060E0802C
:108690008080C07F3F00000020E0E020000020A09C
:1086A0006020200000FFFF30187CE3C000000000C5
:1086B000101F1F10000001131F1C181020E0E020E5
:1086C000000000000000000000FFFF0000000000AC
:1086D00000000000101F1F101010101010180600CE
:1086E00020E0E0E000000000E0E0E02000FF013FCB
:1086F000FEC0E01E01FFFF00101F1000031F03005B
:10870000101F1F1020E0E0C0000000000020E0204B
:1087100000FF0003071C78E08000FF00101F10001E
:1087200000000000030F1F00000080C060202060D8
:10873000C080000000FEFF010000000000FFFE00FE
:108740000001070E181010180C07010020E0E020AF
:108750002020202060C0800000FFFF20202020205B
:10876000301F0F00101F1F1000000000000000004D
:10877000000080C060202060C080000000FEFF017B
:108780000000000000FFFE000001070E1111133C65
:108790007C67210020E0E0202020202060C08000B5
:1087A00000FFFF101030F0D0080F0700101F1F103F
:1087B000000000030F1C10100080C060202020204B
:1087C0004040E00000070F0C1818303060E08100D6
:1087D000001F0C0810101010180F070080602020D8
:1087E00020E0E020202060800100000000FFFF006A
:1087F0000000000100000000101F1F10000000001A
:1088000020E0E020000000000020E02000FFFF004A
:10881000000000000000FF0000070F1810101010EB
:10882000100807002060E0E02000000020E0602049
:108830000000077FF88000807C030000000000003B
:10884000071F1C070000000020E0E02000E0E020FF
:108850000020E0200007FFF8E01FFFFCE01F000001
:108860000000031F0300011F03000000002060E060
:10887000A0000020E0602000000000038F7CF8C60C
:10888000010000000010181E130001171F1810002F
:108890002060E0E02000000020E0602000000107F0
:1088A0003EF8E0180700000000000010101F1F1025
:1088B0001000000000806020202020A0E0E02000C8
:1088C00000000000C0F03E0F0300000000101C1F5D
:1088D00017101010101806000000000000FC04041F
:1088E000040404000000000000FF0000000000007D
:1088F00000000000007F404040404000000010E0C9
:10890000000000000000000000000000031C608068
:108910000000000000000000000000030C70800058
:1089200000000404040404FC000000000000000037
:10893000000000FF00000000000040404040407F79
:108940000000000000000010080C040C08100000DB
:108950000000000000000000000000000000000017
:108960000000000000000000000000000000000007
:1089700000000000000000000000000000000000F7
:1089800080808080808080808080808000000004E3
:1089900004080800000000000000000000000000C3
:1089A00000000000000000000000000000000000C7
:1089B000000000000000000000000000000098D847
:1089C00044642424FCF80000000F1F181010100845
:1089D0001F1F10180020E0F0000000000000000041
:1089E0000000FFFF180804040CF8F00000001F0F3F
:1089F00018101010180F0300000000000000000005
:108A00000000000000E0F8180404043C38000000F6
:108A100000030F0C101010100806000000000000EA
:108A200000000020E0F0000000E0F81C040404084E
:108A3000FFFF000000030F18101010081F0F0800A0
:108A40000000000000000000000000000000E0F84E
:108A5000484444444C7870000000030F0C18101078
:108A6000100804000000000080C0602020E0C0006A
:108A700000040404FFFF04040404000000001010BC
:108A80001F1F101010000000000000000000000078
:108A900000000000000070F88C04048CF874040CD2
:108AA000007076CF8D8D8D89C87870000020E0F041
:108AB00000000000000000000000FFFF08040404A4
:108AC000FCF8000000101F1F100000101F1F1000F6
:108AD00000000000006060000000000000000404CE
:108AE00004FCFC000000000000001010101F1F100C
:108AF0001010000000000000000000606000000096
:108B000000000000040404FCFC0000000000C0C0E1
:108B10008080C07F3F0000000020E0F000000000E7
:108B2000000000000000FFFF80C0F41C04040000EF
:108B300000101F1F1100031F1C1010000000202038
:108B400020E0F000000000000000000000FFFF0037
:108B50000000000000001010101F1F101010000077
:108B600000000000000000000000000004FCFC0801
:108B700004FCFC0804FCFC00101F1F10001F1F1049
:108B8000001F1F1000000000000000000000000097
:108B90000004FCFC08080404FCF8000000101F1F7F
:108BA000100000101F1F1000000000000000000057
:108BB0000000000000E0F0180C04040C18F0E000C5
:108BC00000030F0C101010100C0F03000000000029
:108BD00000000000000000000004FCFC0804040485
:108BE0000CF8F0000080FFFF889010101C0F0300AD
:108BF00000000000000000000000000000E0F81C81
:108C000004040408F8FC000000030F1810109088FA
:108C1000FFFF8000000000000000000000000000D6
:108C2000040404FCFC100804040C0C001010101FB9
:108C30001F101010000000000000000000000000E5
:108C40000000000000003078CCC48484840C1C0038
:108C500000001E1810101011190F0600000000006F
:108C600000C000000000000000040404FFFF040432
:108C700004000000000000000F1F1010100C000086
:108C80000000000000000000000000000004FCFEE6
:108C900000000004FCFE000000000F1F1810100868
:108CA0001F0F08000000000000000000000000008E
:108CB00000040C3CFCC40000C43C0C040000000098
:108CC000010F1E0E01000000000000000000000067
:108CD00000000000043CFCC400E47CFC84807C04B4
:108CE0000000071F070000071F070000000000002A
:108CF00000000000000000000004041C7CE4C034FC
:108D00001C0404000010101C1601131F1C18100076
:108D100000000000000000000000000000040C3C07
:108D2000FCC400C43C0404000000C080C1370E0134
:108D30000000000000000000000000000000000033
:108D400000001C0404C4F47C1C0400000000101C7F
:108D50001F17111010180E0000000000000000F88E
:108D60000C04000000000000001028EF00000000CC
:108D7000000000000000003F604000000000000014
:108D80000000FF0000000000000000000000FF00E5
:108D900000000000000000000000FF0000000000D4
:108DA0000000040CF80000000000000000000000BB
:108DB000EF28100000000000000040603F000000AD
:108DC00000000000001806020204081020203008ED
:108DD0000000000000000000000000000000000093
:108DE00000000000000000001060028C0000FE92F5
:108DF00092929292FE00000004047E01407E424264
:108E00007E427E42427E40001060028C00FE9292C2
:108E100092929292FE00000004047E014448507F2A
:108E200040407F50484440000000FC242424FC259E
:108E30002624FC242424040040308F80844C5525B3
:108E40002525554C808080001010D0FF9050205078
:108E50004C434C5020404000040300FF0041445864
:108E6000414E6058474040001060028C00FE02F204
:108E700002FE00F800FF000004047E018047300F6E
:108E800010270047807F000040422410FF008444E8
:108E900044447F4444440400222212120AFE422722
:108EA0000A1222324A424200001715D55557557D05
:108EB000555755D5151700004040407F555555551D
:108EC0005555557F404040000000FE404040400066
:108ED000FF8040201008000000007F2020101000BC
:108EE0003F40404040407800C8B88FE888888048BC
:108EF00028090E0828488800081808FF0404808004
:108F0000432C102C43808000008060F80704E4A408
:108F1000A4BFA4A4E4040000010000FF40407F4A75
:108F20004A4A4A4A7F404000000000C0808080805A
:108F3000808080FC84808080808080C0C0000000B1
:108F4000000000FF7F404040404040FF4040404024
:108F5000404040FF7F0000000000000000000000D3
:108F60000000007F70000000000000000000000012
:108F7000000000000000000000000000000000FCF5
:108F8000F8000000000000000000000000000000E9
:108F900000000000FFFE020202020202020202FFC3
:108FA000FF020202020202020202FF0300000000AE
:108FB000000000001F1F040404040404040404FF50
:108FC000FF0404040404040404041F00000000005F
:108FD0000000000000000000000000000000007F12
:108FE0003F00000000000000000000000000000042
:108FF0000000000000000000000000000000000071
:1090000000000000000000000000000000F8F8F080
:10901000F0702000000000000000000000000000D0
:109020000000000000000000000000000000000040
:1090300000000000000000008000000000000000B0
:1090400000000000000000000000000000FFFFFF23
:10905000FF00000000000000000000000000000011
:109060000000000080800000000000000000000000
:10907000000000000000000000FFFFFE06060606DC
:1090800006060606060606060606060606FFFFFF95
:10909000FF06060606060606060606060606060677
:1090A000060606FFFFFFFF070200000000000000A9
:1090B000000000000000000000FFFFFF00000000B3
:1090C00000000000000000000000000000FFFFFFA3
:1090D000FF00000000000000000000000000000091
:1090E000000000FFFFFFFF00000000000000000084
:1090F000000000000000000000FFFFFF1818181813
:1091000018181818181818181818181818FFFFFF2A
:10911000FF181818181818181818181818181818E8
:10912000181818FFFFFFFF000000000000000000FB
:10913000000000000000000002010100000000002B
:1091400000000000000000000000000000FFFFFF22
:10915000FF00000000000000000000000000000010
:1091600000000001010000000000000000000000FD
:1091700000000000000000000000000000000000EF
:1091800000000000000000000000000000FFFFFFE2
:10919000FF000000000000000000000000000000D0
:1091A00000000000000000000000000000000000BF
:1091B00000000000000000000000000000000000AF
:1091C000000000000000000000000000001F1F0F52
:1091D0000F00000000000000000000000000000080
:1091E000000000000000000000000000000000007F
:1091F0004142434445464748494A4B4C4D4E4F50E7
:109200005152535455565758595A616263646566B2
:109210006768696A6B6C6D6E6F7071727374757666
:109220007778797A303132333435363738392B2FF5
:109230007F7F7F7F7F7F7F7F7F7F7F7F7F7F7F7F3E
:109240007F7F7F7F7F7F7F7F7F7F7F7F7F7F7F7F2E
:109250007F7F7F7F7F7F7F7F7F7F7F3E7F7F7F3F9F
:109260003435363738393A3B3C3D7F7F7F407F7F0E
:109270007F000102030405060708090A0B0C0D0E06
:109280000F101112131415161718197F7F7F7F7F87
:109290007F1A1B1C1D1E1F20212223242526272860
:1092A000292A2B2C2D2E2F303132337F7F7F7F7F49
:1092B0000000C0E0F0F8FC00000000000000F03FFB
:1092C000000000000000F83F000000000000000067
:1092D0000000004003B8E23F000000000000000072
:1092E00006D0CF43EBFD4C3E033333333333E33F00
:1092F000FFAB6FDBB66DDB3F4D268F515555D53F2C
:1093000001411DA96074D13F65DBC9934A86CD3FF9
:10931000EF4E454A287ECA3F3E5555555555C53FE7
:1093200093BDBE166CC166BF2CDE25AF6A56113FD9
:10933000F16BD2C541BDBBBED0A4BE726937663EDB
:10934000000000000000000000404040404040405D
:109350004040414141414140404040404040404008
:1093600040404040404040404005020202020202AC
:1093700002020202020202020220202020202020FB
:10938000202020020202020202029090909090900F
:1093900010101010101010101010101010101010CD
:1093A0001010101002020202020288888888888841
:1093B000080808080808080808080808080808082D
:1093C0000808080802020202400000004993000851
:1093D00076657273696F6E3D2573267265733D7095
:1093E000726F6475637473252532462573252532A3
:1093F000466465766963657325253246257326655F
:10940000743D2564266D6574686F643D257326730D
:1094100069676E3D25730000389400080000002045
:10942000500000006C5F0008889400085000002085
:10943000801E00007C5F000800A24A0400000000BB
:1094400000000000010203040607080902040608E0
:1094500000000000010203040102030406070809DA
:10946000000000000000000000000000716900081A
:10947000216900080000000000000000000000005A
:089480000000000000000000E4
:0400000508000131BD
:00000001FF
